notice_date,year,month,year_month,line_key,active_tsr_count,new_tsr_count,continuing_tsr_count,closed_since_previous_notice_count
2018-09-01,2018,9,2018-09,EAST,2,2,0,0
2018-09-01,2018,9,2018-09,FREMANTLE,1,1,0,0
2018-09-08,2018,9,2018-09,FREMANTLE,1,0,1,2
2018-09-15,2018,9,2018-09,FREMANTLE,1,0,1,0
2018-09-22,2018,9,2018-09,FREMANTLE,1,0,1,0
2018-09-29,2018,9,2018-09,FREMANTLE,1,0,1,0
2018-10-06,2018,10,2018-10,FREMANTLE,1,0,1,0
2018-10-13,2018,10,2018-10,FREMANTLE,1,0,1,0
2018-10-20,2018,10,2018-10,FREMANTLE,1,0,1,0
2018-10-27,2018,10,2018-10,FREMANTLE,1,0,1,0
2018-11-03,2018,11,2018-11,FREMANTLE,1,0,1,0
2018-11-10,2018,11,2018-11,FREMANTLE,1,0,1,0
2018-11-17,2018,11,2018-11,FREMANTLE,1,0,1,0
2018-11-24,2018,11,2018-11,FREMANTLE,1,0,1,0
2018-12-01,2018,12,2018-12,FREMANTLE,1,0,1,0
2018-12-08,2018,12,2018-12,FREMANTLE,1,0,1,0
2018-12-14,2018,12,2018-12,FREMANTLE,1,0,1,0
2018-12-15,2018,12,2018-12,FREMANTLE,1,0,1,0
2019-01-04,2019,1,2019-01,FREMANTLE,1,0,1,0
2019-01-11,2019,1,2019-01,FREMANTLE,1,0,1,0
2019-01-18,2019,1,2019-01,FREMANTLE,1,0,1,0
2019-01-18,2019,1,2019-01,LEEDERVILLE,1,1,0,0
2019-01-25,2019,1,2019-01,FREMANTLE,1,0,1,0
2019-01-25,2019,1,2019-01,LEEDERVILLE,1,0,1,0
2019-03-23,2019,3,2019-03,FREMANTLE,3,3,0,2
2019-03-23,2019,3,2019-03,LEEDERVILLE,1,1,0,2
2019-03-30,2019,3,2019-03,FREMANTLE,1,0,1,2
2019-03-30,2019,3,2019-03,LEEDERVILLE,1,0,1,2
2019-04-13,2019,4,2019-04,FREMANTLE,1,0,1,0
2019-04-13,2019,4,2019-04,LEEDERVILLE,1,0,1,0
2019-04-27,2019,4,2019-04,FREMANTLE,1,0,1,0
2019-04-27,2019,4,2019-04,LEEDERVILLE,1,0,1,0
2019-05-04,2019,5,2019-05,FREMANTLE,1,0,1,0
2019-05-04,2019,5,2019-05,LEEDERVILLE,1,0,1,0
2019-05-11,2019,5,2019-05,FREMANTLE,1,0,1,0
2019-05-11,2019,5,2019-05,LEEDERVILLE,1,0,1,0
2019-05-18,2019,5,2019-05,FREMANTLE,1,0,1,0
2019-05-18,2019,5,2019-05,LEEDERVILLE,1,0,1,0
2019-05-25,2019,5,2019-05,FREMANTLE,1,0,1,0
2019-05-25,2019,5,2019-05,LEEDERVILLE,1,0,1,0
2019-06-15,2019,6,2019-06,FREMANTLE,2,1,1,1
2019-06-15,2019,6,2019-06,JOONDALUP,1,1,0,1
2019-06-15,2019,6,2019-06,LEEDERVILLE,1,1,0,1
2019-06-22,2019,6,2019-06,FREMANTLE,2,0,2,0
2019-06-22,2019,6,2019-06,JOONDALUP,1,0,1,0
2019-06-22,2019,6,2019-06,LEEDERVILLE,1,0,1,0
2019-06-29,2019,6,2019-06,FREMANTLE,2,0,2,0
2019-06-29,2019,6,2019-06,JOONDALUP,1,0,1,0
2019-06-29,2019,6,2019-06,LEEDERVILLE,1,0,1,0
2019-06-29,2019,6,2019-06,NOWERGUP,1,1,0,0
2019-07-06,2019,7,2019-07,FREMANTLE,2,0,2,0
2019-07-06,2019,7,2019-07,JOONDALUP,1,0,1,0
2019-07-06,2019,7,2019-07,LEEDERVILLE,1,0,1,0
2019-07-06,2019,7,2019-07,NOWERGUP,1,0,1,0
2019-07-13,2019,7,2019-07,FREMANTLE,2,0,2,0
2019-07-13,2019,7,2019-07,JOONDALUP,1,0,1,0
2019-07-13,2019,7,2019-07,LEEDERVILLE,1,0,1,0
2019-07-13,2019,7,2019-07,NOWERGUP,1,0,1,0
2019-07-20,2019,7,2019-07,FREMANTLE,1,0,1,1
2019-07-20,2019,7,2019-07,JOONDALUP,1,0,1,1
2019-07-20,2019,7,2019-07,LEEDERVILLE,1,0,1,1
2019-07-20,2019,7,2019-07,NOWERGUP,1,0,1,1
2019-07-27,2019,7,2019-07,FREMANTLE,1,0,1,1
2019-07-27,2019,7,2019-07,GOSNELLS,1,1,0,1
2019-07-27,2019,7,2019-07,KELMSCOTT,1,1,0,1
2019-07-27,2019,7,2019-07,KENWICK,1,1,0,1
2019-07-27,2019,7,2019-07,LEEDERVILLE,1,0,1,1
2019-07-27,2019,7,2019-07,NOWERGUP,1,0,1,1
2019-08-03,2019,8,2019-08,FREMANTLE,1,0,1,0
2019-08-03,2019,8,2019-08,GOSNELLS,1,0,1,0
2019-08-03,2019,8,2019-08,KELMSCOTT,1,0,1,0
2019-08-03,2019,8,2019-08,KENWICK,1,0,1,0
2019-08-03,2019,8,2019-08,LEEDERVILLE,1,0,1,0
2019-08-03,2019,8,2019-08,NOWERGUP,1,0,1,0
2019-08-10,2019,8,2019-08,FREMANTLE,1,0,1,0
2019-08-10,2019,8,2019-08,GOSNELLS,1,0,1,0
2019-08-10,2019,8,2019-08,KELMSCOTT,1,0,1,0
2019-08-10,2019,8,2019-08,KENWICK,1,0,1,0
2019-08-10,2019,8,2019-08,LEEDERVILLE,1,0,1,0
2019-08-10,2019,8,2019-08,NOWERGUP,1,0,1,0
2019-08-24,2019,8,2019-08,FREMANTLE,1,0,1,4
2019-08-24,2019,8,2019-08,GOSNELLS,1,1,0,4
2019-08-24,2019,8,2019-08,KELMSCOTT,1,0,1,4
2019-08-24,2019,8,2019-08,KENWICK,1,1,0,4
2019-08-24,2019,8,2019-08,LEEDERVILLE,1,1,0,4
2019-08-24,2019,8,2019-08,NOWERGUP,1,1,0,4
2019-08-31,2019,8,2019-08,FREMANTLE,1,0,1,0
2019-08-31,2019,8,2019-08,GOSNELLS,1,0,1,0
2019-08-31,2019,8,2019-08,KELMSCOTT,1,0,1,0
2019-08-31,2019,8,2019-08,KENWICK,1,0,1,0
2019-08-31,2019,8,2019-08,LEEDERVILLE,1,0,1,0
2019-08-31,2019,8,2019-08,NOWERGUP,1,0,1,0
2019-09-07,2019,9,2019-09,FREMANTLE,1,0,1,0
2019-09-07,2019,9,2019-09,GOSNELLS,1,0,1,0
2019-09-07,2019,9,2019-09,KELMSCOTT,1,0,1,0
2019-09-07,2019,9,2019-09,KENWICK,1,0,1,0
2019-09-07,2019,9,2019-09,LEEDERVILLE,1,0,1,0
2019-09-07,2019,9,2019-09,NOWERGUP,1,0,1,0
2019-09-14,2019,9,2019-09,FREMANTLE,1,0,1,0
2019-09-14,2019,9,2019-09,GOSNELLS,1,0,1,0
2019-09-14,2019,9,2019-09,KELMSCOTT,1,0,1,0
2019-09-14,2019,9,2019-09,KENWICK,1,0,1,0
2019-09-14,2019,9,2019-09,LEEDERVILLE,1,0,1,0
2019-09-14,2019,9,2019-09,NOWERGUP,1,0,1,0
2019-09-21,2019,9,2019-09,BASSENDEAN,1,1,0,2
2019-09-21,2019,9,2019-09,FREMANTLE,1,0,1,2
2019-09-21,2019,9,2019-09,GOSNELLS,1,1,0,2
2019-09-21,2019,9,2019-09,KELMSCOTT,1,0,1,2
2019-09-21,2019,9,2019-09,LEEDERVILLE,1,0,1,2
2019-09-21,2019,9,2019-09,MADDINGTON,1,1,0,2
2019-09-21,2019,9,2019-09,NOWERGUP,1,0,1,2
2019-09-28,2019,9,2019-09,BASSENDEAN,1,0,1,0
2019-09-28,2019,9,2019-09,FREMANTLE,1,0,1,0
2019-09-28,2019,9,2019-09,GOSNELLS,1,0,1,0
2019-09-28,2019,9,2019-09,KELMSCOTT,1,0,1,0
2019-09-28,2019,9,2019-09,LEEDERVILLE,1,0,1,0
2019-09-28,2019,9,2019-09,MADDINGTON,1,0,1,0
2019-09-28,2019,9,2019-09,NOWERGUP,1,0,1,0
2019-10-05,2019,10,2019-10,BASSENDEAN,1,0,1,0
2019-10-05,2019,10,2019-10,FREMANTLE,1,0,1,0
2019-10-05,2019,10,2019-10,GOSNELLS,1,0,1,0
2019-10-05,2019,10,2019-10,KELMSCOTT,1,0,1,0
2019-10-05,2019,10,2019-10,LEEDERVILLE,1,0,1,0
2019-10-05,2019,10,2019-10,MADDINGTON,1,0,1,0
2019-10-05,2019,10,2019-10,NOWERGUP,1,0,1,0
2019-10-26,2019,10,2019-10,FREMANTLE,1,0,1,5
2019-10-26,2019,10,2019-10,GOSNELLS,1,1,0,5
2019-10-26,2019,10,2019-10,KELMSCOTT,1,0,1,5
2019-10-26,2019,10,2019-10,THORNLIE,1,1,0,5
2019-11-02,2019,11,2019-11,FREMANTLE,1,1,0,4
2019-11-02,2019,11,2019-11,GOSNELLS,1,1,0,4
2019-11-02,2019,11,2019-11,KELMSCOTT,1,1,0,4
2019-11-02,2019,11,2019-11,THORNLIE,1,1,0,4
2019-11-02,2019,11,2019-11,WHITFORDS,1,1,0,4
2019-11-09,2019,11,2019-11,FREMANTLE,1,0,1,0
2019-11-09,2019,11,2019-11,GOSNELLS,1,0,1,0
2019-11-09,2019,11,2019-11,KELMSCOTT,1,0,1,0
2019-11-09,2019,11,2019-11,THORNLIE,1,0,1,0
2019-11-09,2019,11,2019-11,WHITFORDS,1,0,1,0
2019-11-16,2019,11,2019-11,FREMANTLE,1,1,0,5
2019-11-16,2019,11,2019-11,KELMSCOTT,1,1,0,5
2019-11-16,2019,11,2019-11,LEEDERVILLE,1,1,0,5
2019-11-16,2019,11,2019-11,OATS,1,1,0,5
2019-11-16,2019,11,2019-11,WHITFORDS,1,1,0,5
2019-11-23,2019,11,2019-11,FREMANTLE,1,0,1,0
2019-11-23,2019,11,2019-11,KELMSCOTT,1,0,1,0
2019-11-23,2019,11,2019-11,LEEDERVILLE,1,0,1,0
2019-11-23,2019,11,2019-11,OATS,1,0,1,0
2019-11-23,2019,11,2019-11,WHITFORDS,1,0,1,0
2019-11-30,2019,11,2019-11,FREMANTLE,1,0,1,0
2019-11-30,2019,11,2019-11,KELMSCOTT,1,0,1,0
2019-11-30,2019,11,2019-11,LEEDERVILLE,1,0,1,0
2019-11-30,2019,11,2019-11,OATS,1,0,1,0
2019-11-30,2019,11,2019-11,WHITFORDS,1,0,1,0
2019-12-07,2019,12,2019-12,FREMANTLE,1,0,1,0
2019-12-07,2019,12,2019-12,KELMSCOTT,1,0,1,0
2019-12-07,2019,12,2019-12,LEEDERVILLE,1,0,1,0
2019-12-07,2019,12,2019-12,OATS,1,0,1,0
2019-12-07,2019,12,2019-12,SHOWGROUNDS,1,1,0,0
2019-12-07,2019,12,2019-12,WHITFORDS,1,0,1,0
2019-12-14,2019,12,2019-12,FREMANTLE,1,0,1,0
2019-12-14,2019,12,2019-12,KELMSCOTT,1,0,1,0
2019-12-14,2019,12,2019-12,LEEDERVILLE,1,0,1,0
2019-12-14,2019,12,2019-12,OATS,1,0,1,0
2019-12-14,2019,12,2019-12,SHOWGROUNDS,1,0,1,0
2019-12-14,2019,12,2019-12,WHITFORDS,1,0,1,0
2019-12-21,2019,12,2019-12,FREMANTLE,1,0,1,3
2019-12-21,2019,12,2019-12,OATS,1,0,1,3
2019-12-21,2019,12,2019-12,PERTH,1,1,0,3
2019-12-21,2019,12,2019-12,WHITFORDS,1,0,1,3
2019-12-28,2019,12,2019-12,FREMANTLE,1,0,1,1
2019-12-28,2019,12,2019-12,OATS,1,0,1,1
2019-12-28,2019,12,2019-12,WHITFORDS,1,0,1,1
2020-01-04,2020,1,2020-01,FREMANTLE,1,0,1,0
2020-01-04,2020,1,2020-01,OATS,1,0,1,0
2020-01-04,2020,1,2020-01,WHITFORDS,1,0,1,0
2020-01-11,2020,1,2020-01,FREMANTLE,1,0,1,1
2020-01-11,2020,1,2020-01,KELMSCOTT,1,1,0,1
2020-01-11,2020,1,2020-01,OATS,1,0,1,1
2020-01-11,2020,1,2020-01,WHITFORDS,1,1,0,1
2020-01-18,2020,1,2020-01,FREMANTLE,1,0,1,0
2020-01-18,2020,1,2020-01,KELMSCOTT,1,0,1,0
2020-01-18,2020,1,2020-01,OATS,1,0,1,0
2020-01-18,2020,1,2020-01,WHITFORDS,1,0,1,0
2020-01-25,2020,1,2020-01,FREMANTLE,1,0,1,0
2020-01-25,2020,1,2020-01,KELMSCOTT,1,0,1,0
2020-01-25,2020,1,2020-01,OATS,1,0,1,0
2020-01-25,2020,1,2020-01,WHITFORDS,1,0,1,0
2020-02-01,2020,2,2020-02,FREMANTLE,1,0,1,0
2020-02-01,2020,2,2020-02,KELMSCOTT,1,0,1,0
2020-02-01,2020,2,2020-02,MUNDIJONG,1,1,0,0
2020-02-01,2020,2,2020-02,OATS,1,0,1,0
2020-02-01,2020,2,2020-02,WARNBRO,1,1,0,0
2020-02-01,2020,2,2020-02,WHITFORDS,1,0,1,0
2020-02-08,2020,2,2020-02,FREMANTLE,1,0,1,0
2020-02-08,2020,2,2020-02,KELMSCOTT,1,0,1,0
2020-02-08,2020,2,2020-02,MUNDIJONG,1,0,1,0
2020-02-08,2020,2,2020-02,OATS,1,0,1,0
2020-02-08,2020,2,2020-02,WARNBRO,1,0,1,0
2020-02-08,2020,2,2020-02,WHITFORDS,1,0,1,0
2020-02-15,2020,2,2020-02,FREMANTLE,1,0,1,0
2020-02-15,2020,2,2020-02,GLEN,1,1,0,0
2020-02-15,2020,2,2020-02,KELMSCOTT,1,0,1,0
2020-02-15,2020,2,2020-02,KWINANA,1,1,0,0
2020-02-15,2020,2,2020-02,MUNDIJONG,1,0,1,0
2020-02-15,2020,2,2020-02,OATS,1,0,1,0
2020-02-15,2020,2,2020-02,WARNBRO,1,0,1,0
2020-02-15,2020,2,2020-02,WHITFORDS,1,0,1,0
2020-02-22,2020,2,2020-02,BASSENDEAN,1,1,0,0
2020-02-22,2020,2,2020-02,FREMANTLE,1,0,1,0
2020-02-22,2020,2,2020-02,GLEN,1,0,1,0
2020-02-22,2020,2,2020-02,KELMSCOTT,1,0,1,0
2020-02-22,2020,2,2020-02,KWINANA,1,0,1,0
2020-02-22,2020,2,2020-02,MUNDIJONG,1,0,1,0
2020-02-22,2020,2,2020-02,OATS,1,0,1,0
2020-02-22,2020,2,2020-02,WARNBRO,1,0,1,0
2020-02-22,2020,2,2020-02,WHITFORDS,1,0,1,0
2020-02-29,2020,2,2020-02,BASSENDEAN,1,0,1,3
2020-02-29,2020,2,2020-02,FREMANTLE,1,0,1,3
2020-02-29,2020,2,2020-02,GLEN,1,0,1,3
2020-02-29,2020,2,2020-02,KELMSCOTT,1,0,1,3
2020-02-29,2020,2,2020-02,KWINANA,1,0,1,3
2020-02-29,2020,2,2020-02,MUNDIJONG,1,0,1,3
2020-02-29,2020,2,2020-02,WARNBRO,1,1,0,3
2020-02-29,2020,2,2020-02,WHITFORDS,2,2,0,3
2020-03-07,2020,3,2020-03,BASSENDEAN,1,0,1,2
2020-03-07,2020,3,2020-03,FREMANTLE,1,0,1,2
2020-03-07,2020,3,2020-03,GLEN,1,0,1,2
2020-03-07,2020,3,2020-03,JOONDALUP,1,1,0,2
2020-03-07,2020,3,2020-03,KELMSCOTT,1,0,1,2
2020-03-07,2020,3,2020-03,KWINANA,1,0,1,2
2020-03-07,2020,3,2020-03,MUNDIJONG,1,0,1,2
2020-03-07,2020,3,2020-03,WARNBRO,1,0,1,2
2020-03-07,2020,3,2020-03,WHITFORDS,2,2,0,2
2020-03-14,2020,3,2020-03,BASSENDEAN,1,0,1,0
2020-03-14,2020,3,2020-03,FREMANTLE,1,0,1,0
2020-03-14,2020,3,2020-03,GLEN,1,0,1,0
2020-03-14,2020,3,2020-03,JOONDALUP,1,0,1,0
2020-03-14,2020,3,2020-03,KELMSCOTT,1,0,1,0
2020-03-14,2020,3,2020-03,KWINANA,1,0,1,0
2020-03-14,2020,3,2020-03,MUNDIJONG,1,0,1,0
2020-03-14,2020,3,2020-03,WARNBRO,1,0,1,0
2020-03-14,2020,3,2020-03,WHITFORDS,2,0,2,0
2020-03-21,2020,3,2020-03,BASSENDEAN,1,0,1,0
2020-03-21,2020,3,2020-03,FREMANTLE,1,0,1,0
2020-03-21,2020,3,2020-03,GLEN,1,0,1,0
2020-03-21,2020,3,2020-03,JOONDALUP,1,0,1,0
2020-03-21,2020,3,2020-03,KELMSCOTT,1,0,1,0
2020-03-21,2020,3,2020-03,KWINANA,1,0,1,0
2020-03-21,2020,3,2020-03,MUNDIJONG,1,0,1,0
2020-03-21,2020,3,2020-03,WARNBRO,1,0,1,0
2020-03-21,2020,3,2020-03,WHITFORDS,2,0,2,0
2020-03-28,2020,3,2020-03,BASSENDEAN,1,0,1,1
2020-03-28,2020,3,2020-03,FREMANTLE,1,0,1,1
2020-03-28,2020,3,2020-03,GLEN,1,0,1,1
2020-03-28,2020,3,2020-03,JOONDALUP,2,1,1,1
2020-03-28,2020,3,2020-03,KELMSCOTT,1,0,1,1
2020-03-28,2020,3,2020-03,KWINANA,1,0,1,1
2020-03-28,2020,3,2020-03,MUNDIJONG,1,0,1,1
2020-03-28,2020,3,2020-03,WARNBRO,1,1,0,1
2020-03-28,2020,3,2020-03,WHITFORDS,2,0,2,1
2020-04-04,2020,4,2020-04,BASSENDEAN,1,0,1,1
2020-04-04,2020,4,2020-04,FREMANTLE,1,0,1,1
2020-04-04,2020,4,2020-04,GLEN,1,0,1,1
2020-04-04,2020,4,2020-04,JOONDALUP,2,0,2,1
2020-04-04,2020,4,2020-04,KELMSCOTT,1,0,1,1
2020-04-04,2020,4,2020-04,KWINANA,1,0,1,1
2020-04-04,2020,4,2020-04,MUNDIJONG,1,0,1,1
2020-04-04,2020,4,2020-04,WARNBRO,1,1,0,1
2020-04-04,2020,4,2020-04,WHITFORDS,2,0,2,1
2020-04-11,2020,4,2020-04,FREMANTLE,1,0,1,2
2020-04-11,2020,4,2020-04,GLEN,1,0,1,2
2020-04-11,2020,4,2020-04,JOONDALUP,2,0,2,2
2020-04-11,2020,4,2020-04,KELMSCOTT,1,0,1,2
2020-04-11,2020,4,2020-04,KWINANA,1,0,1,2
2020-04-11,2020,4,2020-04,LEEDERVILLE,1,1,0,2
2020-04-11,2020,4,2020-04,MUNDIJONG,1,0,1,2
2020-04-11,2020,4,2020-04,WARNBRO,1,1,0,2
2020-04-11,2020,4,2020-04,WHITFORDS,2,0,2,2
2020-04-18,2020,4,2020-04,FREMANTLE,2,1,1,1
2020-04-18,2020,4,2020-04,GLEN,1,0,1,1
2020-04-18,2020,4,2020-04,JOONDALUP,2,0,2,1
2020-04-18,2020,4,2020-04,KWINANA,1,0,1,1
2020-04-18,2020,4,2020-04,LEEDERVILLE,1,0,1,1
2020-04-18,2020,4,2020-04,MUNDIJONG,1,0,1,1
2020-04-18,2020,4,2020-04,WARNBRO,1,0,1,1
2020-04-18,2020,4,2020-04,WHITFORDS,2,0,2,1
2020-04-25,2020,4,2020-04,BASSENDEAN,2,2,0,3
2020-04-25,2020,4,2020-04,FREMANTLE,1,0,1,3
2020-04-25,2020,4,2020-04,JOONDALUP,1,0,1,3
2020-04-25,2020,4,2020-04,KWINANA,1,0,1,3
2020-04-25,2020,4,2020-04,LEEDERVILLE,1,0,1,3
2020-04-25,2020,4,2020-04,MUNDIJONG,1,0,1,3
2020-04-25,2020,4,2020-04,WARNBRO,1,0,1,3
2020-04-25,2020,4,2020-04,WHITFORDS,2,0,2,3
2020-05-02,2020,5,2020-05,BASSENDEAN,2,2,0,3
2020-05-02,2020,5,2020-05,FREMANTLE,1,0,1,3
2020-05-02,2020,5,2020-05,JOONDALUP,2,2,0,3
2020-05-02,2020,5,2020-05,KWINANA,1,0,1,3
2020-05-02,2020,5,2020-05,LEEDERVILLE,1,0,1,3
2020-05-02,2020,5,2020-05,MUNDIJONG,1,0,1,3
2020-05-02,2020,5,2020-05,WARNBRO,1,0,1,3
2020-05-02,2020,5,2020-05,WHITFORDS,2,0,2,3
2020-05-09,2020,5,2020-05,BASSENDEAN,2,0,2,1
2020-05-09,2020,5,2020-05,FREMANTLE,1,0,1,1
2020-05-09,2020,5,2020-05,JOONDALUP,2,0,2,1
2020-05-09,2020,5,2020-05,KWINANA,1,0,1,1
2020-05-09,2020,5,2020-05,MUNDIJONG,1,0,1,1
2020-05-09,2020,5,2020-05,WARNBRO,1,0,1,1
2020-05-09,2020,5,2020-05,WHITFORDS,2,0,2,1
2020-05-16,2020,5,2020-05,BASSENDEAN,2,0,2,0
2020-05-16,2020,5,2020-05,FREMANTLE,1,0,1,0
2020-05-16,2020,5,2020-05,JOONDALUP,2,0,2,0
2020-05-16,2020,5,2020-05,KWINANA,1,0,1,0
2020-05-16,2020,5,2020-05,MUNDIJONG,1,0,1,0
2020-05-16,2020,5,2020-05,WARNBRO,1,0,1,0
2020-05-16,2020,5,2020-05,WHITFORDS,2,0,2,0
2020-05-23,2020,5,2020-05,BASSENDEAN,2,0,2,0
2020-05-23,2020,5,2020-05,FREMANTLE,1,0,1,0
2020-05-23,2020,5,2020-05,JOONDALUP,2,0,2,0
2020-05-23,2020,5,2020-05,KWINANA,1,0,1,0
2020-05-23,2020,5,2020-05,MUNDIJONG,1,0,1,0
2020-05-23,2020,5,2020-05,WARNBRO,1,0,1,0
2020-05-23,2020,5,2020-05,WHITFORDS,2,0,2,0
2020-05-30,2020,5,2020-05,BASSENDEAN,2,0,2,0
2020-05-30,2020,5,2020-05,FREMANTLE,1,0,1,0
2020-05-30,2020,5,2020-05,JOONDALUP,2,0,2,0
2020-05-30,2020,5,2020-05,KWINANA,1,0,1,0
2020-05-30,2020,5,2020-05,MUNDIJONG,1,0,1,0
2020-05-30,2020,5,2020-05,WARNBRO,1,0,1,0
2020-05-30,2020,5,2020-05,WHITFORDS,2,0,2,0
2020-06-06,2020,6,2020-06,BASSENDEAN,2,0,2,0
2020-06-06,2020,6,2020-06,FREMANTLE,1,0,1,0
2020-06-06,2020,6,2020-06,JOONDALUP,2,0,2,0
2020-06-06,2020,6,2020-06,KWINANA,1,0,1,0
2020-06-06,2020,6,2020-06,MUNDIJONG,1,0,1,0
2020-06-06,2020,6,2020-06,WARNBRO,1,0,1,0
2020-06-06,2020,6,2020-06,WHITFORDS,2,0,2,0
2020-06-13,2020,6,2020-06,BASSENDEAN,2,0,2,0
2020-06-13,2020,6,2020-06,FREMANTLE,1,0,1,0
2020-06-13,2020,6,2020-06,JOONDALUP,2,0,2,0
2020-06-13,2020,6,2020-06,KWINANA,1,0,1,0
2020-06-13,2020,6,2020-06,MUNDIJONG,1,0,1,0
2020-06-13,2020,6,2020-06,WARNBRO,1,0,1,0
2020-06-13,2020,6,2020-06,WHITFORDS,2,0,2,0
2020-06-20,2020,6,2020-06,BASSENDEAN,2,0,2,0
2020-06-20,2020,6,2020-06,FREMANTLE,1,0,1,0
2020-06-20,2020,6,2020-06,JOONDALUP,2,0,2,0
2020-06-20,2020,6,2020-06,KWINANA,1,0,1,0
2020-06-20,2020,6,2020-06,MUNDIJONG,1,0,1,0
2020-06-20,2020,6,2020-06,ROCKINGHAM,1,1,0,0
2020-06-20,2020,6,2020-06,WARNBRO,1,0,1,0
2020-06-20,2020,6,2020-06,WHITFORDS,2,0,2,0
2020-06-27,2020,6,2020-06,BASSENDEAN,2,0,2,0
2020-06-27,2020,6,2020-06,FREMANTLE,1,0,1,0
2020-06-27,2020,6,2020-06,JOONDALUP,2,0,2,0
2020-06-27,2020,6,2020-06,KWINANA,1,0,1,0
2020-06-27,2020,6,2020-06,MUNDIJONG,1,0,1,0
2020-06-27,2020,6,2020-06,ROCKINGHAM,1,0,1,0
2020-06-27,2020,6,2020-06,WARNBRO,1,0,1,0
2020-06-27,2020,6,2020-06,WHITFORDS,2,0,2,0
2020-07-11,2020,7,2020-07,BASSENDEAN,2,0,2,1
2020-07-11,2020,7,2020-07,COCKBURN,1,1,0,1
2020-07-11,2020,7,2020-07,FREMANTLE,1,0,1,1
2020-07-11,2020,7,2020-07,JOONDALUP,2,0,2,1
2020-07-11,2020,7,2020-07,KWINANA,1,0,1,1
2020-07-11,2020,7,2020-07,MUNDIJONG,1,0,1,1
2020-07-11,2020,7,2020-07,ROCKINGHAM,1,0,1,1
2020-07-11,2020,7,2020-07,WHITFORDS,2,0,2,1
2020-07-18,2020,7,2020-07,BASSENDEAN,2,0,2,0
2020-07-18,2020,7,2020-07,COCKBURN,1,0,1,0
2020-07-18,2020,7,2020-07,FREMANTLE,1,0,1,0
2020-07-18,2020,7,2020-07,JOONDALUP,2,0,2,0
2020-07-18,2020,7,2020-07,KWINANA,1,0,1,0
2020-07-18,2020,7,2020-07,MUNDIJONG,1,0,1,0
2020-07-18,2020,7,2020-07,ROCKINGHAM,1,0,1,0
2020-07-18,2020,7,2020-07,WHITFORDS,2,0,2,0
2020-07-25,2020,7,2020-07,BASSENDEAN,2,0,2,0
2020-07-25,2020,7,2020-07,COCKBURN,1,0,1,0
2020-07-25,2020,7,2020-07,FREMANTLE,1,0,1,0
2020-07-25,2020,7,2020-07,JOONDALUP,2,0,2,0
2020-07-25,2020,7,2020-07,KWINANA,1,0,1,0
2020-07-25,2020,7,2020-07,MUNDIJONG,1,0,1,0
2020-07-25,2020,7,2020-07,ROCKINGHAM,1,0,1,0
2020-07-25,2020,7,2020-07,WHITFORDS,2,0,2,0
2020-08-01,2020,8,2020-08,BASSENDEAN,2,0,2,0
2020-08-01,2020,8,2020-08,COCKBURN,1,0,1,0
2020-08-01,2020,8,2020-08,FREMANTLE,1,0,1,0
2020-08-01,2020,8,2020-08,JOONDALUP,2,0,2,0
2020-08-01,2020,8,2020-08,KWINANA,1,0,1,0
2020-08-01,2020,8,2020-08,MUNDIJONG,1,0,1,0
2020-08-01,2020,8,2020-08,ROCKINGHAM,1,0,1,0
2020-08-01,2020,8,2020-08,WHITFORDS,2,0,2,0
2020-08-08,2020,8,2020-08,UNKNOWN,16,16,0,11
2020-08-15,2020,8,2020-08,UNKNOWN,13,1,12,4
2020-08-22,2020,8,2020-08,UNKNOWN,13,0,13,0
2020-08-29,2020,8,2020-08,UNKNOWN,12,0,12,1
2020-09-05,2020,9,2020-09,UNKNOWN,12,0,12,0
2020-09-12,2020,9,2020-09,UNKNOWN,12,1,11,1
2020-09-19,2020,9,2020-09,UNKNOWN,11,0,11,1
2020-09-26,2020,9,2020-09,UNKNOWN,10,0,10,1
2020-10-03,2020,10,2020-10,UNKNOWN,10,0,10,0
2020-10-10,2020,10,2020-10,UNKNOWN,9,0,9,1
2020-10-17,2020,10,2020-10,UNKNOWN,9,0,9,0
2020-10-24,2020,10,2020-10,UNKNOWN,9,0,9,0
2020-10-31,2020,10,2020-10,UNKNOWN,9,0,9,0
2020-11-07,2020,11,2020-11,UNKNOWN,9,0,9,0
2020-11-21,2020,11,2020-11,UNKNOWN,9,0,9,0
2020-11-28,2020,11,2020-11,UNKNOWN,9,0,9,0
2020-12-05,2020,12,2020-12,UNKNOWN,12,4,8,1
2020-12-12,2020,12,2020-12,UNKNOWN,12,0,12,0
2020-12-19,2020,12,2020-12,UNKNOWN,16,9,7,5
2020-12-26,2020,12,2020-12,UNKNOWN,18,2,16,0
2021-01-16,2021,1,2021-01,UNKNOWN,18,0,18,0
2021-01-23,2021,1,2021-01,UNKNOWN,20,4,16,2
2021-01-30,2021,1,2021-01,UNKNOWN,20,0,20,0
2021-02-06,2021,2,2021-02,UNKNOWN,17,1,16,4
2021-02-13,2021,2,2021-02,UNKNOWN,17,2,15,2
2021-02-20,2021,2,2021-02,UNKNOWN,17,0,17,0
2021-02-27,2021,2,2021-02,UNKNOWN,17,0,17,0
2021-04-06,2021,4,2021-04,UNKNOWN,18,13,5,12
2021-04-10,2021,4,2021-04,UNKNOWN,18,0,18,0
2021-04-17,2021,4,2021-04,UNKNOWN,18,0,18,0
2021-04-24,2021,4,2021-04,UNKNOWN,14,3,11,7
2021-05-01,2021,5,2021-05,UNKNOWN,14,0,14,0
2021-05-08,2021,5,2021-05,UNKNOWN,16,3,13,1
2021-05-15,2021,5,2021-05,UNKNOWN,17,4,13,3
2021-05-22,2021,5,2021-05,UNKNOWN,17,0,17,0
2021-05-29,2021,5,2021-05,UNKNOWN,17,0,17,0
2021-06-12,2021,6,2021-06,UNKNOWN,17,0,17,0
2021-06-19,2021,6,2021-06,UNKNOWN,17,0,17,0
2021-06-26,2021,6,2021-06,UNKNOWN,17,0,17,0
2021-07-03,2021,7,2021-07,UNKNOWN,17,0,17,0
2021-07-10,2021,7,2021-07,UNKNOWN,15,2,13,4
2021-07-17,2021,7,2021-07,UNKNOWN,15,0,15,0
2021-07-24,2021,7,2021-07,UNKNOWN,22,9,13,2
2021-07-31,2021,7,2021-07,UNKNOWN,2,0,2,20
2021-08-07,2021,8,2021-08,UNKNOWN,2,0,2,0
2021-08-14,2021,8,2021-08,UNKNOWN,20,18,2,0
2021-08-21,2021,8,2021-08,UNKNOWN,2,0,2,18
2021-08-28,2021,8,2021-08,UNKNOWN,2,0,2,0
2021-09-04,2021,9,2021-09,UNKNOWN,2,0,2,0
2021-09-11,2021,9,2021-09,UNKNOWN,2,0,2,0
2021-09-18,2021,9,2021-09,UNKNOWN,2,0,2,0
2021-09-25,2021,9,2021-09,UNKNOWN,2,0,2,0
2021-10-02,2021,10,2021-10,UNKNOWN,2,0,2,0
2021-10-09,2021,10,2021-10,UNKNOWN,2,0,2,0
2021-10-23,2021,10,2021-10,UNKNOWN,2,0,2,0
2021-10-30,2021,10,2021-10,UNKNOWN,2,0,2,0
2021-11-06,2021,11,2021-11,UNKNOWN,3,1,2,0
2021-11-13,2021,11,2021-11,UNKNOWN,3,0,3,0
2021-11-20,2021,11,2021-11,UNKNOWN,3,0,3,0
2021-11-27,2021,11,2021-11,UNKNOWN,3,0,3,0
2021-12-04,2021,12,2021-12,UNKNOWN,2,0,2,1
2021-12-25,2021,12,2021-12,UNKNOWN,2,0,2,0
2022-01-29,2022,1,2022-01,UNKNOWN,2,0,2,0
2022-02-05,2022,2,2022-02,UNKNOWN,2,0,2,0
2022-02-12,2022,2,2022-02,UNKNOWN,2,0,2,0
2022-02-19,2022,2,2022-02,UNKNOWN,2,0,2,0
2022-02-26,2022,2,2022-02,UNKNOWN,2,0,2,0
2022-03-05,2022,3,2022-03,UNKNOWN,2,0,2,0
2022-03-12,2022,3,2022-03,UNKNOWN,2,0,2,0
2022-03-19,2022,3,2022-03,UNKNOWN,2,0,2,0
2022-04-02,2022,4,2022-04,UNKNOWN,2,0,2,0
2022-04-09,2022,4,2022-04,ATMBI,2,2,0,1
2022-04-09,2022,4,2022-04,ATMUP,1,1,0,1
2022-04-09,2022,4,2022-04,FTMBI,1,1,0,1
2022-04-09,2022,4,2022-04,FTMUP,1,1,0,1
2022-04-09,2022,4,2022-04,JTMDN,2,2,0,1
2022-04-09,2022,4,2022-04,MTMDN,2,2,0,1
2022-04-09,2022,4,2022-04,MTMUP,1,1,0,1
2022-04-09,2022,4,2022-04,UNKNOWN,5,4,1,1
2022-04-16,2022,4,2022-04,UNKNOWN,4,3,1,14
2022-04-30,2022,4,2022-04,UNKNOWN,3,0,3,1
2022-05-14,2022,5,2022-05,UNKNOWN,3,0,3,0
2022-05-21,2022,5,2022-05,UNKNOWN,3,0,3,0
2022-05-28,2022,5,2022-05,UNKNOWN,3,0,3,0
2022-06-04,2022,6,2022-06,UNKNOWN,3,0,3,0
2022-07-09,2022,7,2022-07,UNKNOWN,2,0,2,1
2022-07-23,2022,7,2022-07,UNKNOWN,2,0,2,0
2022-07-30,2022,7,2022-07,UNKNOWN,2,0,2,0
2022-08-20,2022,8,2022-08,UNKNOWN,2,0,2,0
2022-08-27,2022,8,2022-08,UNKNOWN,2,0,2,0
2022-09-03,2022,9,2022-09,UNKNOWN,2,0,2,0
2022-09-10,2022,9,2022-09,UNKNOWN,2,0,2,0
2022-09-17,2022,9,2022-09,UNKNOWN,2,0,2,0
2022-09-24,2022,9,2022-09,UNKNOWN,2,0,2,0
2022-10-01,2022,10,2022-10,UNKNOWN,2,0,2,0
2022-10-08,2022,10,2022-10,UNKNOWN,2,1,1,1
2022-10-22,2022,10,2022-10,UNKNOWN,2,0,2,0
2022-10-29,2022,10,2022-10,UNKNOWN,2,0,2,0
2022-11-05,2022,11,2022-11,UNKNOWN,2,0,2,0
2022-11-12,2022,11,2022-11,UNKNOWN,2,0,2,0
2022-11-19,2022,11,2022-11,UNKNOWN,2,0,2,0
2022-11-26,2022,11,2022-11,UNKNOWN,2,0,2,0
2022-12-03,2022,12,2022-12,UNKNOWN,2,0,2,0
2022-12-10,2022,12,2022-12,UNKNOWN,2,0,2,0
2022-12-17,2022,12,2022-12,UNKNOWN,2,0,2,0
2022-12-24,2022,12,2022-12,UNKNOWN,1,0,1,1
2022-12-31,2022,12,2022-12,UNKNOWN,1,0,1,0
2023-01-08,2023,1,2023-01,UNKNOWN,1,0,1,0
2023-01-15,2023,1,2023-01,UNKNOWN,1,0,1,0
2023-01-22,2023,1,2023-01,UNKNOWN,1,0,1,0
2023-01-28,2023,1,2023-01,UNKNOWN,1,0,1,0
2023-02-04,2023,2,2023-02,UNKNOWN,1,0,1,0
2023-02-11,2023,2,2023-02,UNKNOWN,1,0,1,0
2023-02-18,2023,2,2023-02,UNKNOWN,1,0,1,0
2023-02-25,2023,2,2023-02,UNKNOWN,1,0,1,0
2023-03-04,2023,3,2023-03,UNKNOWN,1,0,1,0
2023-03-11,2023,3,2023-03,UNKNOWN,1,0,1,0
2023-03-18,2023,3,2023-03,UNKNOWN,1,0,1,0
2023-03-25,2023,3,2023-03,UNKNOWN,1,0,1,0
2023-04-01,2023,4,2023-04,UNKNOWN,1,0,1,0
2023-04-08,2023,4,2023-04,UNKNOWN,1,0,1,0
2023-04-15,2023,4,2023-04,UNKNOWN,1,0,1,0
2023-04-23,2023,4,2023-04,UNKNOWN,1,0,1,0
2023-04-30,2023,4,2023-04,UNKNOWN,1,0,1,0
2023-05-07,2023,5,2023-05,UNKNOWN,1,0,1,0
2023-05-14,2023,5,2023-05,UNKNOWN,1,0,1,0
2023-05-21,2023,5,2023-05,UNKNOWN,1,0,1,0
2023-05-28,2023,5,2023-05,UNKNOWN,1,0,1,0
2023-06-04,2023,6,2023-06,UNKNOWN,1,0,1,0
2023-06-11,2023,6,2023-06,UNKNOWN,1,0,1,0
2023-06-18,2023,6,2023-06,UNKNOWN,1,0,1,0
2023-06-25,2023,6,2023-06,ATMBI,1,1,0,0
2023-06-25,2023,6,2023-06,ATMDN,1,1,0,0
2023-06-25,2023,6,2023-06,ATMUP,2,2,0,0
2023-06-25,2023,6,2023-06,FTMBI,1,1,0,0
2023-06-25,2023,6,2023-06,FTMDN,1,1,0,0
2023-06-25,2023,6,2023-06,FTMUP,3,3,0,0
2023-06-25,2023,6,2023-06,JTMDN,2,2,0,0
2023-06-25,2023,6,2023-06,JTMUP,2,2,0,0
2023-06-25,2023,6,2023-06,MTMDN,4,4,0,0
2023-06-25,2023,6,2023-06,MTMUP,4,4,0,0
2023-06-25,2023,6,2023-06,T-BIDI,1,1,0,0
2023-06-25,2023,6,2023-06,UNKNOWN,1,0,1,0
2023-07-02,2023,7,2023-07,ATMBI,1,0,1,1
2023-07-02,2023,7,2023-07,ATMDN,1,0,1,1
2023-07-02,2023,7,2023-07,ATMUP,2,0,2,1
2023-07-02,2023,7,2023-07,FTMBI,1,0,1,1
2023-07-02,2023,7,2023-07,FTMDN,1,0,1,1
2023-07-02,2023,7,2023-07,FTMUP,3,0,3,1
2023-07-02,2023,7,2023-07,JTMDN,2,0,2,1
2023-07-02,2023,7,2023-07,JTMUP,2,0,2,1
2023-07-02,2023,7,2023-07,MTMDN,4,0,4,1
2023-07-02,2023,7,2023-07,MTMUP,4,0,4,1
2023-07-02,2023,7,2023-07,RTMDN,1,1,0,1
2023-07-02,2023,7,2023-07,UNKNOWN,1,0,1,1
2023-07-09,2023,7,2023-07,ATMBI,1,0,1,0
2023-07-09,2023,7,2023-07,ATMDN,1,0,1,0
2023-07-09,2023,7,2023-07,ATMUP,2,0,2,0
2023-07-09,2023,7,2023-07,FTMBI,1,0,1,0
2023-07-09,2023,7,2023-07,FTMDN,1,0,1,0
2023-07-09,2023,7,2023-07,FTMUP,3,0,3,0
2023-07-09,2023,7,2023-07,JTMDN,2,0,2,0
2023-07-09,2023,7,2023-07,JTMUP,2,0,2,0
2023-07-09,2023,7,2023-07,MTMDN,4,0,4,0
2023-07-09,2023,7,2023-07,MTMUP,4,0,4,0
2023-07-09,2023,7,2023-07,RTMDN,1,0,1,0
2023-07-09,2023,7,2023-07,UNKNOWN,1,0,1,0
2023-07-14,2023,7,2023-07,ATMBI,1,0,1,0
2023-07-14,2023,7,2023-07,ATMDN,1,0,1,0
2023-07-14,2023,7,2023-07,ATMUP,2,0,2,0
2023-07-14,2023,7,2023-07,FTMBI,1,0,1,0
2023-07-14,2023,7,2023-07,FTMDN,1,0,1,0
2023-07-14,2023,7,2023-07,FTMUP,3,0,3,0
2023-07-14,2023,7,2023-07,JTMDN,2,0,2,0
2023-07-14,2023,7,2023-07,JTMUP,2,0,2,0
2023-07-14,2023,7,2023-07,MTMDN,4,0,4,0
2023-07-14,2023,7,2023-07,MTMUP,4,0,4,0
2023-07-14,2023,7,2023-07,RTMDN,1,0,1,0
2023-07-14,2023,7,2023-07,UNKNOWN,1,0,1,0
2023-07-21,2023,7,2023-07,ATMBI,1,0,1,0
2023-07-21,2023,7,2023-07,ATMDN,1,0,1,0
2023-07-21,2023,7,2023-07,ATMUP,2,0,2,0
2023-07-21,2023,7,2023-07,FTMBI,1,0,1,0
2023-07-21,2023,7,2023-07,FTMDN,1,0,1,0
2023-07-21,2023,7,2023-07,FTMUP,3,0,3,0
2023-07-21,2023,7,2023-07,JTMDN,2,0,2,0
2023-07-21,2023,7,2023-07,JTMUP,2,0,2,0
2023-07-21,2023,7,2023-07,MTMDN,4,0,4,0
2023-07-21,2023,7,2023-07,MTMUP,4,0,4,0
2023-07-21,2023,7,2023-07,RTMDN,1,0,1,0
2023-07-21,2023,7,2023-07,UNKNOWN,1,0,1,0
2023-07-28,2023,7,2023-07,ATMBI,1,0,1,0
2023-07-28,2023,7,2023-07,ATMDN,1,0,1,0
2023-07-28,2023,7,2023-07,ATMUP,2,0,2,0
2023-07-28,2023,7,2023-07,FTMBI,1,0,1,0
2023-07-28,2023,7,2023-07,FTMDN,1,0,1,0
2023-07-28,2023,7,2023-07,FTMUP,3,0,3,0
2023-07-28,2023,7,2023-07,JTMDN,2,0,2,0
2023-07-28,2023,7,2023-07,JTMUP,2,0,2,0
2023-07-28,2023,7,2023-07,MTMDN,4,0,4,0
2023-07-28,2023,7,2023-07,MTMUP,4,0,4,0
2023-07-28,2023,7,2023-07,RTMDN,1,0,1,0
2023-07-28,2023,7,2023-07,UNKNOWN,1,0,1,0
2023-08-04,2023,8,2023-08,ATMBI,1,0,1,0
2023-08-04,2023,8,2023-08,ATMDN,1,0,1,0
2023-08-04,2023,8,2023-08,ATMUP,2,0,2,0
2023-08-04,2023,8,2023-08,FTMBI,1,0,1,0
2023-08-04,2023,8,2023-08,FTMDN,1,0,1,0
2023-08-04,2023,8,2023-08,FTMUP,3,0,3,0
2023-08-04,2023,8,2023-08,JTMDN,2,0,2,0
2023-08-04,2023,8,2023-08,JTMUP,2,0,2,0
2023-08-04,2023,8,2023-08,MTMDN,4,0,4,0
2023-08-04,2023,8,2023-08,MTMUP,4,0,4,0
2023-08-04,2023,8,2023-08,RTMDN,1,0,1,0
2023-08-04,2023,8,2023-08,UNKNOWN,1,0,1,0
2023-08-11,2023,8,2023-08,ATMBI,1,0,1,1
2023-08-11,2023,8,2023-08,ATMDN,1,0,1,1
2023-08-11,2023,8,2023-08,ATMUP,2,0,2,1
2023-08-11,2023,8,2023-08,FTMBI,1,0,1,1
2023-08-11,2023,8,2023-08,FTMDN,1,0,1,1
2023-08-11,2023,8,2023-08,FTMUP,4,1,3,1
2023-08-11,2023,8,2023-08,JTMDN,2,0,2,1
2023-08-11,2023,8,2023-08,JTMUP,2,0,2,1
2023-08-11,2023,8,2023-08,MTMDN,3,0,3,1
2023-08-11,2023,8,2023-08,MTMUP,4,0,4,1
2023-08-11,2023,8,2023-08,RTMDN,1,0,1,1
2023-08-11,2023,8,2023-08,UNKNOWN,1,0,1,1
2023-08-18,2023,8,2023-08,ATMBI,1,0,1,0
2023-08-18,2023,8,2023-08,ATMDN,1,0,1,0
2023-08-18,2023,8,2023-08,ATMUP,2,0,2,0
2023-08-18,2023,8,2023-08,FTMBI,1,0,1,0
2023-08-18,2023,8,2023-08,FTMDN,1,0,1,0
2023-08-18,2023,8,2023-08,FTMUP,4,0,4,0
2023-08-18,2023,8,2023-08,JTMDN,2,0,2,0
2023-08-18,2023,8,2023-08,JTMUP,2,0,2,0
2023-08-18,2023,8,2023-08,MTMDN,3,0,3,0
2023-08-18,2023,8,2023-08,MTMUP,4,0,4,0
2023-08-18,2023,8,2023-08,RTMDN,1,0,1,0
2023-08-18,2023,8,2023-08,UNKNOWN,1,0,1,0
2023-08-25,2023,8,2023-08,ATMBI,1,0,1,0
2023-08-25,2023,8,2023-08,ATMDN,1,0,1,0
2023-08-25,2023,8,2023-08,ATMUP,2,0,2,0
2023-08-25,2023,8,2023-08,FTMBI,1,0,1,0
2023-08-25,2023,8,2023-08,FTMDN,1,0,1,0
2023-08-25,2023,8,2023-08,FTMUP,4,0,4,0
2023-08-25,2023,8,2023-08,JTMDN,2,0,2,0
2023-08-25,2023,8,2023-08,JTMUP,2,0,2,0
2023-08-25,2023,8,2023-08,MTMDN,3,0,3,0
2023-08-25,2023,8,2023-08,MTMUP,4,0,4,0
2023-08-25,2023,8,2023-08,RTMDN,1,0,1,0
2023-08-25,2023,8,2023-08,UNKNOWN,1,0,1,0
2023-09-03,2023,9,2023-09,ATMBI,1,0,1,1
2023-09-03,2023,9,2023-09,ATMDN,1,0,1,1
2023-09-03,2023,9,2023-09,ATMUP,2,0,2,1
2023-09-03,2023,9,2023-09,FTMBI,1,0,1,1
2023-09-03,2023,9,2023-09,FTMDN,1,0,1,1
2023-09-03,2023,9,2023-09,FTMUP,3,0,3,1
2023-09-03,2023,9,2023-09,JTMDN,2,0,2,1
2023-09-03,2023,9,2023-09,JTMUP,2,0,2,1
2023-09-03,2023,9,2023-09,MDMDN,1,1,0,1
2023-09-03,2023,9,2023-09,MTMDN,3,0,3,1
2023-09-03,2023,9,2023-09,MTMUP,4,0,4,1
2023-09-03,2023,9,2023-09,RTMDN,1,0,1,1
2023-09-03,2023,9,2023-09,UNKNOWN,1,0,1,1
2023-09-10,2023,9,2023-09,ATMBI,1,0,1,0
2023-09-10,2023,9,2023-09,ATMDN,1,0,1,0
2023-09-10,2023,9,2023-09,ATMUP,2,0,2,0
2023-09-10,2023,9,2023-09,FTMBI,1,0,1,0
2023-09-10,2023,9,2023-09,FTMDN,1,0,1,0
2023-09-10,2023,9,2023-09,FTMUP,3,0,3,0
2023-09-10,2023,9,2023-09,JTMDN,2,0,2,0
2023-09-10,2023,9,2023-09,JTMUP,2,0,2,0
2023-09-10,2023,9,2023-09,MDMDN,1,0,1,0
2023-09-10,2023,9,2023-09,MTMDN,3,0,3,0
2023-09-10,2023,9,2023-09,MTMUP,4,0,4,0
2023-09-10,2023,9,2023-09,RTMDN,1,0,1,0
2023-09-10,2023,9,2023-09,UNKNOWN,1,0,1,0
2023-09-17,2023,9,2023-09,ATMBI,1,0,1,0
2023-09-17,2023,9,2023-09,ATMDN,1,0,1,0
2023-09-17,2023,9,2023-09,ATMUP,2,0,2,0
2023-09-17,2023,9,2023-09,FTMBI,1,0,1,0
2023-09-17,2023,9,2023-09,FTMDN,1,0,1,0
2023-09-17,2023,9,2023-09,FTMUP,3,0,3,0
2023-09-17,2023,9,2023-09,JTMDN,2,0,2,0
2023-09-17,2023,9,2023-09,JTMUP,2,0,2,0
2023-09-17,2023,9,2023-09,MDMDN,1,0,1,0
2023-09-17,2023,9,2023-09,MTMDN,3,0,3,0
2023-09-17,2023,9,2023-09,MTMUP,4,0,4,0
2023-09-17,2023,9,2023-09,RTMDN,1,0,1,0
2023-09-17,2023,9,2023-09,UNKNOWN,1,0,1,0
2023-09-24,2023,9,2023-09,ATMBI,1,0,1,0
2023-09-24,2023,9,2023-09,ATMDN,1,0,1,0
2023-09-24,2023,9,2023-09,ATMUP,2,0,2,0
2023-09-24,2023,9,2023-09,FTMBI,1,0,1,0
2023-09-24,2023,9,2023-09,FTMDN,1,0,1,0
2023-09-24,2023,9,2023-09,FTMUP,3,0,3,0
2023-09-24,2023,9,2023-09,JTMDN,2,0,2,0
2023-09-24,2023,9,2023-09,JTMUP,2,0,2,0
2023-09-24,2023,9,2023-09,MDMDN,1,0,1,0
2023-09-24,2023,9,2023-09,MTMDN,3,0,3,0
2023-09-24,2023,9,2023-09,MTMUP,4,0,4,0
2023-09-24,2023,9,2023-09,RTMDN,1,0,1,0
2023-09-24,2023,9,2023-09,UNKNOWN,1,0,1,0
2023-10-01,2023,10,2023-10,ATMBI,1,0,1,0
2023-10-01,2023,10,2023-10,ATMDN,1,0,1,0
2023-10-01,2023,10,2023-10,ATMUP,2,0,2,0
2023-10-01,2023,10,2023-10,FTMBI,1,0,1,0
2023-10-01,2023,10,2023-10,FTMDN,1,0,1,0
2023-10-01,2023,10,2023-10,FTMUP,3,0,3,0
2023-10-01,2023,10,2023-10,JTMDN,2,0,2,0
2023-10-01,2023,10,2023-10,JTMUP,2,0,2,0
2023-10-01,2023,10,2023-10,MDMDN,1,0,1,0
2023-10-01,2023,10,2023-10,MTMDN,3,0,3,0
2023-10-01,2023,10,2023-10,MTMUP,4,0,4,0
2023-10-01,2023,10,2023-10,RTMDN,1,0,1,0
2023-10-01,2023,10,2023-10,UNKNOWN,1,0,1,0
2023-10-08,2023,10,2023-10,ATMBI,1,0,1,3
2023-10-08,2023,10,2023-10,ATMUP,2,0,2,3
2023-10-08,2023,10,2023-10,FTMBI,1,0,1,3
2023-10-08,2023,10,2023-10,FTMDN,1,0,1,3
2023-10-08,2023,10,2023-10,FTMUP,3,0,3,3
2023-10-08,2023,10,2023-10,JTMDN,2,0,2,3
2023-10-08,2023,10,2023-10,JTMUP,2,0,2,3
2023-10-08,2023,10,2023-10,MDMDN,1,0,1,3
2023-10-08,2023,10,2023-10,MTMDN,2,0,2,3
2023-10-08,2023,10,2023-10,MTMUP,3,0,3,3
2023-10-08,2023,10,2023-10,RTMDN,1,0,1,3
2023-10-08,2023,10,2023-10,UNKNOWN,1,0,1,3
2023-10-15,2023,10,2023-10,ATMBI,1,0,1,0
2023-10-15,2023,10,2023-10,ATMUP,2,0,2,0
2023-10-15,2023,10,2023-10,CPUM,1,1,0,0
2023-10-15,2023,10,2023-10,FTMBI,1,0,1,0
2023-10-15,2023,10,2023-10,FTMDN,1,0,1,0
2023-10-15,2023,10,2023-10,FTMUP,3,0,3,0
2023-10-15,2023,10,2023-10,JTMDN,2,0,2,0
2023-10-15,2023,10,2023-10,JTMUP,2,0,2,0
2023-10-15,2023,10,2023-10,MDMDN,1,0,1,0
2023-10-15,2023,10,2023-10,MTMDN,2,0,2,0
2023-10-15,2023,10,2023-10,MTMUP,3,0,3,0
2023-10-15,2023,10,2023-10,RTMDN,1,0,1,0
2023-10-15,2023,10,2023-10,UNKNOWN,1,0,1,0
2023-10-22,2023,10,2023-10,ATMBI,1,0,1,3
2023-10-22,2023,10,2023-10,ATMUP,3,1,2,3
2023-10-22,2023,10,2023-10,FTMBI,1,0,1,3
2023-10-22,2023,10,2023-10,FTMDN,1,0,1,3
2023-10-22,2023,10,2023-10,FTMUP,4,1,3,3
2023-10-22,2023,10,2023-10,JTMDN,2,0,2,3
2023-10-22,2023,10,2023-10,JTMUP,2,0,2,3
2023-10-22,2023,10,2023-10,MTMDN,4,2,2,3
2023-10-22,2023,10,2023-10,MTMUP,2,0,2,3
2023-10-22,2023,10,2023-10,RTMDN,1,0,1,3
2023-10-22,2023,10,2023-10,UNKNOWN,1,0,1,3
2023-10-29,2023,10,2023-10,ATMBI,1,0,1,1
2023-10-29,2023,10,2023-10,ATMUP,3,0,3,1
2023-10-29,2023,10,2023-10,CPDM,1,1,0,1
2023-10-29,2023,10,2023-10,FTMBI,1,0,1,1
2023-10-29,2023,10,2023-10,FTMDN,1,0,1,1
2023-10-29,2023,10,2023-10,FTMUP,4,1,3,1
2023-10-29,2023,10,2023-10,JTMDN,2,0,2,1
2023-10-29,2023,10,2023-10,JTMUP,2,0,2,1
2023-10-29,2023,10,2023-10,MTMDN,4,0,4,1
2023-10-29,2023,10,2023-10,MTMUP,2,0,2,1
2023-10-29,2023,10,2023-10,RTMDN,1,0,1,1
2023-10-29,2023,10,2023-10,UNKNOWN,1,0,1,1
2023-11-05,2023,11,2023-11,ATMBI,1,0,1,1
2023-11-05,2023,11,2023-11,ATMUP,3,1,2,1
2023-11-05,2023,11,2023-11,CPDM,1,0,1,1
2023-11-05,2023,11,2023-11,FTMBI,1,0,1,1
2023-11-05,2023,11,2023-11,FTMDN,1,0,1,1
2023-11-05,2023,11,2023-11,FTMUP,4,0,4,1
2023-11-05,2023,11,2023-11,JTMDN,2,0,2,1
2023-11-05,2023,11,2023-11,JTMUP,2,0,2,1
2023-11-05,2023,11,2023-11,MTMDN,4,0,4,1
2023-11-05,2023,11,2023-11,MTMUP,2,0,2,1
2023-11-05,2023,11,2023-11,RTMDN,1,0,1,1
2023-11-05,2023,11,2023-11,UNKNOWN,1,0,1,1
2023-11-12,2023,11,2023-11,ATMUP,3,3,0,22
2023-11-12,2023,11,2023-11,BEYOND,1,1,0,22
2023-11-12,2023,11,2023-11,FTMBI,1,1,0,22
2023-11-12,2023,11,2023-11,FTMDN,1,1,0,22
2023-11-12,2023,11,2023-11,FTMUP,5,5,0,22
2023-11-12,2023,11,2023-11,JTMDN,2,2,0,22
2023-11-12,2023,11,2023-11,JTMUP,2,2,0,22
2023-11-12,2023,11,2023-11,MTMDN,4,4,0,22
2023-11-12,2023,11,2023-11,MTMUP,2,2,0,22
2023-11-12,2023,11,2023-11,UNKNOWN,1,0,1,22
2023-11-19,2023,11,2023-11,ATMUP,3,0,3,0
2023-11-19,2023,11,2023-11,BEYOND,1,0,1,0
2023-11-19,2023,11,2023-11,FTMBI,1,0,1,0
2023-11-19,2023,11,2023-11,FTMDN,1,0,1,0
2023-11-19,2023,11,2023-11,FTMUP,5,0,5,0
2023-11-19,2023,11,2023-11,JTMDN,2,0,2,0
2023-11-19,2023,11,2023-11,JTMUP,2,0,2,0
2023-11-19,2023,11,2023-11,MTMDN,4,0,4,0
2023-11-19,2023,11,2023-11,MTMUP,2,0,2,0
2023-11-19,2023,11,2023-11,UNKNOWN,1,0,1,0
2023-11-26,2023,11,2023-11,ATMUP,3,0,3,0
2023-11-26,2023,11,2023-11,BEYOND,1,0,1,0
2023-11-26,2023,11,2023-11,FTMBI,1,0,1,0
2023-11-26,2023,11,2023-11,FTMDN,1,0,1,0
2023-11-26,2023,11,2023-11,FTMUP,5,0,5,0
2023-11-26,2023,11,2023-11,JTMDN,2,0,2,0
2023-11-26,2023,11,2023-11,JTMUP,2,0,2,0
2023-11-26,2023,11,2023-11,MTMDN,4,0,4,0
2023-11-26,2023,11,2023-11,MTMUP,2,0,2,0
2023-11-26,2023,11,2023-11,UNKNOWN,1,0,1,0
2023-12-03,2023,12,2023-12,ATMUP,2,0,2,2
2023-12-03,2023,12,2023-12,BEYOND,1,0,1,2
2023-12-03,2023,12,2023-12,FTMBI,1,0,1,2
2023-12-03,2023,12,2023-12,FTMDN,1,0,1,2
2023-12-03,2023,12,2023-12,FTMUP,6,1,5,2
2023-12-03,2023,12,2023-12,JTMDN,2,0,2,2
2023-12-03,2023,12,2023-12,JTMUP,2,0,2,2
2023-12-03,2023,12,2023-12,MTMDN,4,1,3,2
2023-12-03,2023,12,2023-12,MTMUP,2,0,2,2
2023-12-03,2023,12,2023-12,UNKNOWN,1,0,1,2
2023-12-10,2023,12,2023-12,ATMUP,2,0,2,0
2023-12-10,2023,12,2023-12,BEYOND,1,0,1,0
2023-12-10,2023,12,2023-12,FTMBI,1,0,1,0
2023-12-10,2023,12,2023-12,FTMDN,1,0,1,0
2023-12-10,2023,12,2023-12,FTMUP,6,0,6,0
2023-12-10,2023,12,2023-12,JTMDN,2,0,2,0
2023-12-10,2023,12,2023-12,JTMUP,2,0,2,0
2023-12-10,2023,12,2023-12,MTMDN,4,0,4,0
2023-12-10,2023,12,2023-12,MTMUP,2,0,2,0
2023-12-10,2023,12,2023-12,UNKNOWN,1,0,1,0
2023-12-17,2023,12,2023-12,ATMUP,2,0,2,0
2023-12-17,2023,12,2023-12,BEYOND,1,0,1,0
2023-12-17,2023,12,2023-12,FTMBI,1,0,1,0
2023-12-17,2023,12,2023-12,FTMDN,1,0,1,0
2023-12-17,2023,12,2023-12,FTMUP,6,0,6,0
2023-12-17,2023,12,2023-12,JTMDN,2,0,2,0
2023-12-17,2023,12,2023-12,JTMUP,2,0,2,0
2023-12-17,2023,12,2023-12,MTMDN,4,0,4,0
2023-12-17,2023,12,2023-12,MTMUP,2,0,2,0
2023-12-17,2023,12,2023-12,UNKNOWN,1,0,1,0
2023-12-24,2023,12,2023-12,ATMUP,2,0,2,0
2023-12-24,2023,12,2023-12,BEYOND,1,0,1,0
2023-12-24,2023,12,2023-12,FTMBI,1,0,1,0
2023-12-24,2023,12,2023-12,FTMDN,1,0,1,0
2023-12-24,2023,12,2023-12,FTMUP,6,0,6,0
2023-12-24,2023,12,2023-12,JTMDN,2,0,2,0
2023-12-24,2023,12,2023-12,JTMUP,2,0,2,0
2023-12-24,2023,12,2023-12,MTMDN,4,0,4,0
2023-12-24,2023,12,2023-12,MTMUP,2,0,2,0
2023-12-24,2023,12,2023-12,UNKNOWN,1,0,1,0
2023-12-31,2023,12,2023-12,ATMUP,2,0,2,0
2023-12-31,2023,12,2023-12,BEYOND,1,0,1,0
2023-12-31,2023,12,2023-12,FTMBI,1,0,1,0
2023-12-31,2023,12,2023-12,FTMDN,1,0,1,0
2023-12-31,2023,12,2023-12,FTMUP,6,0,6,0
2023-12-31,2023,12,2023-12,JTMDN,2,0,2,0
2023-12-31,2023,12,2023-12,JTMUP,2,0,2,0
2023-12-31,2023,12,2023-12,MTMDN,4,0,4,0
2023-12-31,2023,12,2023-12,MTMUP,2,0,2,0
2023-12-31,2023,12,2023-12,UNKNOWN,1,0,1,0
2024-01-07,2024,1,2024-01,ATMUP,2,0,2,0
2024-01-07,2024,1,2024-01,BEYOND,1,0,1,0
2024-01-07,2024,1,2024-01,FTMBI,1,0,1,0
2024-01-07,2024,1,2024-01,FTMDN,1,0,1,0
2024-01-07,2024,1,2024-01,FTMUP,6,0,6,0
2024-01-07,2024,1,2024-01,JTMDN,2,0,2,0
2024-01-07,2024,1,2024-01,JTMUP,2,0,2,0
2024-01-07,2024,1,2024-01,MTMDN,4,0,4,0
2024-01-07,2024,1,2024-01,MTMUP,2,0,2,0
2024-01-07,2024,1,2024-01,UNKNOWN,1,0,1,0
2024-01-14,2024,1,2024-01,ATMUP,1,0,1,5
2024-01-14,2024,1,2024-01,BEYOND,1,0,1,5
2024-01-14,2024,1,2024-01,FTMDM,3,3,0,5
2024-01-14,2024,1,2024-01,FTMUP,6,1,5,5
2024-01-14,2024,1,2024-01,JTMDN,1,0,1,5
2024-01-14,2024,1,2024-01,JTMUP,2,0,2,5
2024-01-14,2024,1,2024-01,MTMDN,4,0,4,5
2024-01-14,2024,1,2024-01,MTMUP,2,0,2,5
2024-01-14,2024,1,2024-01,UNKNOWN,1,0,1,5
2024-01-21,2024,1,2024-01,ATMUP,2,1,1,4
2024-01-21,2024,1,2024-01,BEYOND,1,0,1,4
2024-01-21,2024,1,2024-01,FTMDM,3,3,0,4
2024-01-21,2024,1,2024-01,FTMUP,6,0,6,4
2024-01-21,2024,1,2024-01,JTMDN,1,0,1,4
2024-01-21,2024,1,2024-01,JTMUP,2,0,2,4
2024-01-21,2024,1,2024-01,MTMDN,5,1,4,4
2024-01-21,2024,1,2024-01,MTMUP,1,0,1,4
2024-01-21,2024,1,2024-01,UNKNOWN,1,0,1,4
2024-01-28,2024,1,2024-01,ATMUP,2,1,1,6
2024-01-28,2024,1,2024-01,BEYOND,1,0,1,6
2024-01-28,2024,1,2024-01,FTMDM,3,3,0,6
2024-01-28,2024,1,2024-01,FTMUP,6,2,4,6
2024-01-28,2024,1,2024-01,JTMDN,1,0,1,6
2024-01-28,2024,1,2024-01,JTMUP,2,0,2,6
2024-01-28,2024,1,2024-01,MTMDN,5,0,5,6
2024-01-28,2024,1,2024-01,MTMUP,1,0,1,6
2024-01-28,2024,1,2024-01,UNKNOWN,1,0,1,6
2024-02-04,2024,2,2024-02,ATMUP,1,0,1,3
2024-02-04,2024,2,2024-02,BEYOND,1,0,1,3
2024-02-04,2024,2,2024-02,FTMDM,3,0,3,3
2024-02-04,2024,2,2024-02,FTMUP,6,0,6,3
2024-02-04,2024,2,2024-02,JTMDN,2,1,1,3
2024-02-04,2024,2,2024-02,JTMUP,3,1,2,3
2024-02-04,2024,2,2024-02,MTMDN,3,0,3,3
2024-02-04,2024,2,2024-02,MTMUN,1,1,0,3
2024-02-04,2024,2,2024-02,MTMUP,1,0,1,3
2024-02-04,2024,2,2024-02,UNKNOWN,1,0,1,3
2024-02-11,2024,2,2024-02,ATMUP,3,2,1,2
2024-02-11,2024,2,2024-02,BEYOND,1,0,1,2
2024-02-11,2024,2,2024-02,FTMDM,3,0,3,2
2024-02-11,2024,2,2024-02,FTMUP,5,0,5,2
2024-02-11,2024,2,2024-02,JTMDN,2,0,2,2
2024-02-11,2024,2,2024-02,JTMUP,2,0,2,2
2024-02-11,2024,2,2024-02,MTMDN,3,0,3,2
2024-02-11,2024,2,2024-02,MTMUN,1,0,1,2
2024-02-11,2024,2,2024-02,MTMUP,1,0,1,2
2024-02-11,2024,2,2024-02,UNKNOWN,1,0,1,2
2024-02-18,2024,2,2024-02,ATMUP,3,0,3,0
2024-02-18,2024,2,2024-02,BEYOND,1,0,1,0
2024-02-18,2024,2,2024-02,FTMDM,3,0,3,0
2024-02-18,2024,2,2024-02,FTMUP,5,0,5,0
2024-02-18,2024,2,2024-02,JTMDN,2,0,2,0
2024-02-18,2024,2,2024-02,JTMUP,2,0,2,0
2024-02-18,2024,2,2024-02,MTMDN,3,0,3,0
2024-02-18,2024,2,2024-02,MTMUN,1,0,1,0
2024-02-18,2024,2,2024-02,MTMUP,1,0,1,0
2024-02-18,2024,2,2024-02,UNKNOWN,1,0,1,0
2024-02-25,2024,2,2024-02,BEYOND,1,0,1,10
2024-02-25,2024,2,2024-02,FTMDM,3,3,0,10
2024-02-25,2024,2,2024-02,FTMUP,7,4,3,10
2024-02-25,2024,2,2024-02,JTMDN,1,0,1,10
2024-02-25,2024,2,2024-02,JTMUP,2,0,2,10
2024-02-25,2024,2,2024-02,MTMDN,4,1,3,10
2024-02-25,2024,2,2024-02,MTMUP,3,2,1,10
2024-02-25,2024,2,2024-02,UNKNOWN,1,0,1,10
2024-03-03,2024,3,2024-03,ATMUP,2,2,0,8
2024-03-03,2024,3,2024-03,BEYOND,1,0,1,8
2024-03-03,2024,3,2024-03,FTMDM,2,1,1,8
2024-03-03,2024,3,2024-03,FTMUP,6,2,4,8
2024-03-03,2024,3,2024-03,JTMDN,1,0,1,8
2024-03-03,2024,3,2024-03,JTMUP,3,1,2,8
2024-03-03,2024,3,2024-03,MTMDN,4,2,2,8
2024-03-03,2024,3,2024-03,MTMUP,2,0,2,8
2024-03-03,2024,3,2024-03,UNKNOWN,1,0,1,8
2024-03-10,2024,3,2024-03,ATMUP,1,0,1,1
2024-03-10,2024,3,2024-03,BEYOND,1,0,1,1
2024-03-10,2024,3,2024-03,FTMDM,2,0,2,1
2024-03-10,2024,3,2024-03,FTMUP,7,1,6,1
2024-03-10,2024,3,2024-03,JTMDN,1,0,1,1
2024-03-10,2024,3,2024-03,JTMUP,3,0,3,1
2024-03-10,2024,3,2024-03,MTMDN,4,0,4,1
2024-03-10,2024,3,2024-03,MTMUP,2,0,2,1
2024-03-10,2024,3,2024-03,UNKNOWN,1,0,1,1
2024-03-17,2024,3,2024-03,ATMUP,1,0,1,4
2024-03-17,2024,3,2024-03,BEYOND,1,0,1,4
2024-03-17,2024,3,2024-03,FTMDM,2,2,0,4
2024-03-17,2024,3,2024-03,FTMUP,7,2,5,4
2024-03-17,2024,3,2024-03,JTMDN,1,0,1,4
2024-03-17,2024,3,2024-03,JTMUP,3,0,3,4
2024-03-17,2024,3,2024-03,MTMDN,4,0,4,4
2024-03-17,2024,3,2024-03,MTMUP,2,0,2,4
2024-03-17,2024,3,2024-03,UNKNOWN,1,0,1,4
2024-03-24,2024,3,2024-03,ATMUP,1,0,1,5
2024-03-24,2024,3,2024-03,BEYOND,1,0,1,5
2024-03-24,2024,3,2024-03,FTMDM,3,2,1,5
2024-03-24,2024,3,2024-03,FTMUP,5,1,4,5
2024-03-24,2024,3,2024-03,JTMDM,1,1,0,5
2024-03-24,2024,3,2024-03,JTMDN,1,0,1,5
2024-03-24,2024,3,2024-03,JTMUP,3,1,2,5
2024-03-24,2024,3,2024-03,MTMDN,4,0,4,5
2024-03-24,2024,3,2024-03,MTMUP,2,0,2,5
2024-03-24,2024,3,2024-03,UNKNOWN,1,0,1,5
2024-03-31,2024,3,2024-03,ATMUP,1,0,1,0
2024-03-31,2024,3,2024-03,BEYOND,1,0,1,0
2024-03-31,2024,3,2024-03,FTMDM,3,0,3,0
2024-03-31,2024,3,2024-03,FTMUP,5,0,5,0
2024-03-31,2024,3,2024-03,JTMDM,1,0,1,0
2024-03-31,2024,3,2024-03,JTMDN,1,0,1,0
2024-03-31,2024,3,2024-03,JTMUP,3,0,3,0
2024-03-31,2024,3,2024-03,MTMDN,4,0,4,0
2024-03-31,2024,3,2024-03,MTMUP,2,0,2,0
2024-03-31,2024,3,2024-03,UNKNOWN,1,0,1,0
2024-04-14,2024,4,2024-04,ATMUP,1,0,1,5
2024-04-14,2024,4,2024-04,BEYOND,1,0,1,5
2024-04-14,2024,4,2024-04,FTMDM,2,0,2,5
2024-04-14,2024,4,2024-04,FTMUP,5,2,3,5
2024-04-14,2024,4,2024-04,JTMDM,1,0,1,5
2024-04-14,2024,4,2024-04,JTMDN,1,0,1,5
2024-04-14,2024,4,2024-04,JTMUP,3,0,3,5
2024-04-14,2024,4,2024-04,MTMDN,5,3,2,5
2024-04-14,2024,4,2024-04,MTMUP,2,0,2,5
2024-04-14,2024,4,2024-04,UNKNOWN,1,0,1,5
2024-04-21,2024,4,2024-04,ATMUP,2,1,1,7
2024-04-21,2024,4,2024-04,BEYOND,1,0,1,7
2024-04-21,2024,4,2024-04,FTMDP,1,1,0,7
2024-04-21,2024,4,2024-04,FTMUM,1,1,0,7
2024-04-21,2024,4,2024-04,FTMUP,4,1,3,7
2024-04-21,2024,4,2024-04,JTMDM,1,0,1,7
2024-04-21,2024,4,2024-04,JTMDN,1,0,1,7
2024-04-21,2024,4,2024-04,JTMUP,3,0,3,7
2024-04-21,2024,4,2024-04,MTMDN,4,2,2,7
2024-04-21,2024,4,2024-04,MTMUP,2,0,2,7
2024-04-21,2024,4,2024-04,UNKNOWN,1,0,1,7
2024-04-28,2024,4,2024-04,ATMUP,2,0,2,1
2024-04-28,2024,4,2024-04,BEYOND,1,0,1,1
2024-04-28,2024,4,2024-04,FTMDP,1,0,1,1
2024-04-28,2024,4,2024-04,FTMUM,1,0,1,1
2024-04-28,2024,4,2024-04,FTMUP,3,0,3,1
2024-04-28,2024,4,2024-04,JTMDM,1,0,1,1
2024-04-28,2024,4,2024-04,JTMDN,1,0,1,1
2024-04-28,2024,4,2024-04,JTMUP,3,0,3,1
2024-04-28,2024,4,2024-04,MTMDN,4,0,4,1
2024-04-28,2024,4,2024-04,MTMUP,2,0,2,1
2024-04-28,2024,4,2024-04,UNKNOWN,1,0,1,1
2024-05-05,2024,5,2024-05,ATMUP,2,0,2,1
2024-05-05,2024,5,2024-05,BEYOND,1,0,1,1
2024-05-05,2024,5,2024-05,FTMDP,1,0,1,1
2024-05-05,2024,5,2024-05,FTMUM,1,0,1,1
2024-05-05,2024,5,2024-05,FTMUP,3,0,3,1
2024-05-05,2024,5,2024-05,JTMDM,1,0,1,1
2024-05-05,2024,5,2024-05,JTMDN,1,0,1,1
2024-05-05,2024,5,2024-05,JTMUP,2,0,2,1
2024-05-05,2024,5,2024-05,MTMDN,4,0,4,1
2024-05-05,2024,5,2024-05,MTMUP,2,0,2,1
2024-05-05,2024,5,2024-05,UNKNOWN,1,0,1,1
2024-05-12,2024,5,2024-05,BEYOND,1,0,1,5
2024-05-12,2024,5,2024-05,FTMUP,2,0,2,5
2024-05-12,2024,5,2024-05,JTMDM,1,0,1,5
2024-05-12,2024,5,2024-05,JTMDN,1,0,1,5
2024-05-12,2024,5,2024-05,JTMUP,2,0,2,5
2024-05-12,2024,5,2024-05,MTMDN,4,0,4,5
2024-05-12,2024,5,2024-05,MTMUP,2,0,2,5
2024-05-12,2024,5,2024-05,UNKNOWN,1,0,1,5
2024-05-19,2024,5,2024-05,BEYOND,1,0,1,1
2024-05-19,2024,5,2024-05,FTMUP,2,0,2,1
2024-05-19,2024,5,2024-05,JTMDM,1,0,1,1
2024-05-19,2024,5,2024-05,JTMDN,1,0,1,1
2024-05-19,2024,5,2024-05,JTMUP,2,0,2,1
2024-05-19,2024,5,2024-05,MTMDN,3,0,3,1
2024-05-19,2024,5,2024-05,MTMUP,2,0,2,1
2024-05-19,2024,5,2024-05,UNKNOWN,1,0,1,1
2024-05-26,2024,5,2024-05,BEYOND,1,0,1,0
2024-05-26,2024,5,2024-05,FTMUP,2,0,2,0
2024-05-26,2024,5,2024-05,JTMDM,1,0,1,0
2024-05-26,2024,5,2024-05,JTMDN,1,0,1,0
2024-05-26,2024,5,2024-05,JTMUP,2,0,2,0
2024-05-26,2024,5,2024-05,MTMDN,3,0,3,0
2024-05-26,2024,5,2024-05,MTMUP,2,0,2,0
2024-05-26,2024,5,2024-05,UNKNOWN,1,0,1,0
2024-06-02,2024,6,2024-06,BEYOND,1,0,1,0
2024-06-02,2024,6,2024-06,FTMUP,2,0,2,0
2024-06-02,2024,6,2024-06,JTMDM,1,0,1,0
2024-06-02,2024,6,2024-06,JTMDN,1,0,1,0
2024-06-02,2024,6,2024-06,JTMUP,2,0,2,0
2024-06-02,2024,6,2024-06,MTMDN,3,0,3,0
2024-06-02,2024,6,2024-06,MTMUP,2,0,2,0
2024-06-02,2024,6,2024-06,UNKNOWN,1,0,1,0
2024-06-09,2024,6,2024-06,ATUP,2,2,0,2
2024-06-09,2024,6,2024-06,BEYOND,1,0,1,2
2024-06-09,2024,6,2024-06,FTMDN,2,2,0,2
2024-06-09,2024,6,2024-06,FTMUP,4,3,1,2
2024-06-09,2024,6,2024-06,JTMDM,1,0,1,2
2024-06-09,2024,6,2024-06,JTMDN,1,0,1,2
2024-06-09,2024,6,2024-06,JTMUP,2,0,2,2
2024-06-09,2024,6,2024-06,MTMDN,3,1,2,2
2024-06-09,2024,6,2024-06,MTMUP,2,0,2,2
2024-06-09,2024,6,2024-06,UNKNOWN,1,0,1,2
2024-06-16,2024,6,2024-06,ARMUP,2,2,0,5
2024-06-16,2024,6,2024-06,BEYOND,1,0,1,5
2024-06-16,2024,6,2024-06,FTMDN,1,0,1,5
2024-06-16,2024,6,2024-06,FTMUP,4,2,2,5
2024-06-16,2024,6,2024-06,JTMDM,1,0,1,5
2024-06-16,2024,6,2024-06,JTMDN,1,0,1,5
2024-06-16,2024,6,2024-06,JTMUP,2,0,2,5
2024-06-16,2024,6,2024-06,MTMDN,3,0,3,5
2024-06-16,2024,6,2024-06,MTMUP,2,0,2,5
2024-06-16,2024,6,2024-06,UNKNOWN,1,0,1,5
2024-06-23,2024,6,2024-06,ARMUP,2,0,2,2
2024-06-23,2024,6,2024-06,BEYOND,1,0,1,2
2024-06-23,2024,6,2024-06,FTMDN,1,0,1,2
2024-06-23,2024,6,2024-06,FTMUP,4,0,4,2
2024-06-23,2024,6,2024-06,JTMDM,1,1,0,2
2024-06-23,2024,6,2024-06,JTMDN,1,0,1,2
2024-06-23,2024,6,2024-06,JTMUP,2,0,2,2
2024-06-23,2024,6,2024-06,MTMDN,3,1,2,2
2024-06-23,2024,6,2024-06,MTMUP,2,0,2,2
2024-06-23,2024,6,2024-06,UNKNOWN,1,0,1,2
2024-06-30,2024,6,2024-06,ARMUP,2,0,2,0
2024-06-30,2024,6,2024-06,BEYOND,1,0,1,0
2024-06-30,2024,6,2024-06,FTMDN,1,0,1,0
2024-06-30,2024,6,2024-06,FTMUP,4,0,4,0
2024-06-30,2024,6,2024-06,JTMDM,1,0,1,0
2024-06-30,2024,6,2024-06,JTMDN,1,0,1,0
2024-06-30,2024,6,2024-06,JTMUP,2,0,2,0
2024-06-30,2024,6,2024-06,MTMDN,3,0,3,0
2024-06-30,2024,6,2024-06,MTMUP,2,0,2,0
2024-06-30,2024,6,2024-06,UNKNOWN,1,0,1,0
2024-07-07,2024,7,2024-07,ARMUP,2,1,1,3
2024-07-07,2024,7,2024-07,BEYOND,1,0,1,3
2024-07-07,2024,7,2024-07,FTMDN,2,1,1,3
2024-07-07,2024,7,2024-07,FTMUP,5,1,4,3
2024-07-07,2024,7,2024-07,JTMDM,1,1,0,3
2024-07-07,2024,7,2024-07,JTMDN,1,0,1,3
2024-07-07,2024,7,2024-07,JTMUP,2,1,1,3
2024-07-07,2024,7,2024-07,JTXBI,1,1,0,3
2024-07-07,2024,7,2024-07,MTMDN,3,0,3,3
2024-07-07,2024,7,2024-07,MTMUP,2,0,2,3
2024-07-07,2024,7,2024-07,RTMDN,2,2,0,3
2024-07-07,2024,7,2024-07,UNKNOWN,1,0,1,3
2024-07-14,2024,7,2024-07,ARMUP,2,0,2,1
2024-07-14,2024,7,2024-07,BEYOND,1,0,1,1
2024-07-14,2024,7,2024-07,FTMDN,2,0,2,1
2024-07-14,2024,7,2024-07,FTMUP,4,0,4,1
2024-07-14,2024,7,2024-07,JTMDM,1,0,1,1
2024-07-14,2024,7,2024-07,JTMDN,1,0,1,1
2024-07-14,2024,7,2024-07,JTMUP,2,0,2,1
2024-07-14,2024,7,2024-07,JTXBI,1,0,1,1
2024-07-14,2024,7,2024-07,MTMDN,3,0,3,1
2024-07-14,2024,7,2024-07,MTMUP,2,0,2,1
2024-07-14,2024,7,2024-07,RTMDN,2,0,2,1
2024-07-14,2024,7,2024-07,UNKNOWN,1,0,1,1
2024-07-21,2024,7,2024-07,ARMUP,2,0,2,3
2024-07-21,2024,7,2024-07,BEYOND,1,0,1,3
2024-07-21,2024,7,2024-07,FTMDN,2,0,2,3
2024-07-21,2024,7,2024-07,FTMUP,4,1,3,3
2024-07-21,2024,7,2024-07,JTMDM,1,0,1,3
2024-07-21,2024,7,2024-07,JTMDN,1,0,1,3
2024-07-21,2024,7,2024-07,JTMUP,2,0,2,3
2024-07-21,2024,7,2024-07,JTXBI,1,0,1,3
2024-07-21,2024,7,2024-07,MTMDN,3,0,3,3
2024-07-21,2024,7,2024-07,MTMUP,2,0,2,3
2024-07-21,2024,7,2024-07,UNKNOWN,1,0,1,3
2024-07-28,2024,7,2024-07,ARMUP,2,2,0,18
2024-07-28,2024,7,2024-07,BEYOND,2,1,1,18
2024-07-28,2024,7,2024-07,FTMDN,2,2,0,18
2024-07-28,2024,7,2024-07,FTMUP,3,3,0,18
2024-07-28,2024,7,2024-07,JTMDM,1,1,0,18
2024-07-28,2024,7,2024-07,JTMDN,1,1,0,18
2024-07-28,2024,7,2024-07,JTMUP,2,2,0,18
2024-07-28,2024,7,2024-07,JTXBI,1,1,0,18
2024-07-28,2024,7,2024-07,MTMDN,3,3,0,18
2024-07-28,2024,7,2024-07,MTMUP,2,2,0,18
2024-07-28,2024,7,2024-07,UNKNOWN,1,0,1,18
2024-08-04,2024,8,2024-08,ARMUP,2,0,2,0
2024-08-04,2024,8,2024-08,BEYOND,2,0,2,0
2024-08-04,2024,8,2024-08,FTMDN,2,0,2,0
2024-08-04,2024,8,2024-08,FTMUP,3,0,3,0
2024-08-04,2024,8,2024-08,JTMDM,1,0,1,0
2024-08-04,2024,8,2024-08,JTMDN,1,0,1,0
2024-08-04,2024,8,2024-08,JTMUP,2,0,2,0
2024-08-04,2024,8,2024-08,JTXBI,1,0,1,0
2024-08-04,2024,8,2024-08,MTMDN,3,0,3,0
2024-08-04,2024,8,2024-08,MTMUP,2,0,2,0
2024-08-04,2024,8,2024-08,UNKNOWN,1,0,1,0
2024-08-11,2024,8,2024-08,ARMUP,2,0,2,2
2024-08-11,2024,8,2024-08,BEYOND,2,0,2,2
2024-08-11,2024,8,2024-08,FTMDN,4,3,1,2
2024-08-11,2024,8,2024-08,FTMUP,2,0,2,2
2024-08-11,2024,8,2024-08,JTMDM,1,0,1,2
2024-08-11,2024,8,2024-08,JTMDN,1,0,1,2
2024-08-11,2024,8,2024-08,JTMUP,2,0,2,2
2024-08-11,2024,8,2024-08,JTXBI,1,0,1,2
2024-08-11,2024,8,2024-08,MTMDN,4,1,3,2
2024-08-11,2024,8,2024-08,MTMUP,3,1,2,2
2024-08-11,2024,8,2024-08,UNKNOWN,1,0,1,2
2024-08-18,2024,8,2024-08,ARMUP,2,0,2,6
2024-08-18,2024,8,2024-08,BEYOND,2,0,2,6
2024-08-18,2024,8,2024-08,FTMDN,2,1,1,6
2024-08-18,2024,8,2024-08,JTMDM,1,0,1,6
2024-08-18,2024,8,2024-08,JTMDN,1,0,1,6
2024-08-18,2024,8,2024-08,JTMUP,2,0,2,6
2024-08-18,2024,8,2024-08,JTXBI,1,0,1,6
2024-08-18,2024,8,2024-08,MTMDN,4,0,4,6
2024-08-18,2024,8,2024-08,MTMUP,3,1,2,6
2024-08-18,2024,8,2024-08,UNKNOWN,1,0,1,6
2024-08-25,2024,8,2024-08,ARMUP,2,0,2,1
2024-08-25,2024,8,2024-08,BEYOND,2,0,2,1
2024-08-25,2024,8,2024-08,FTMDN,3,1,2,1
2024-08-25,2024,8,2024-08,FTMUP,2,2,0,1
2024-08-25,2024,8,2024-08,JTMDM,1,0,1,1
2024-08-25,2024,8,2024-08,JTMDN,2,1,1,1
2024-08-25,2024,8,2024-08,JTMUP,2,0,2,1
2024-08-25,2024,8,2024-08,JTXBI,1,0,1,1
2024-08-25,2024,8,2024-08,MTMDN,3,0,3,1
2024-08-25,2024,8,2024-08,MTMUP,3,0,3,1
2024-08-25,2024,8,2024-08,UNKNOWN,1,0,1,1
2024-09-01,2024,9,2024-09,ARMUP,2,0,2,3
2024-09-01,2024,9,2024-09,BEYOND,2,0,2,3
2024-09-01,2024,9,2024-09,CTMDN,1,1,0,3
2024-09-01,2024,9,2024-09,FTMDN,3,1,2,3
2024-09-01,2024,9,2024-09,FTMUP,2,0,2,3
2024-09-01,2024,9,2024-09,JTMDM,1,0,1,3
2024-09-01,2024,9,2024-09,JTMDN,1,0,1,3
2024-09-01,2024,9,2024-09,JTMUP,2,0,2,3
2024-09-01,2024,9,2024-09,JTXBI,1,0,1,3
2024-09-01,2024,9,2024-09,MTMDN,3,1,2,3
2024-09-01,2024,9,2024-09,MTMUP,3,0,3,3
2024-09-01,2024,9,2024-09,UNKNOWN,1,0,1,3
2024-09-08,2024,9,2024-09,UNKNOWN,8,7,1,21
2024-09-15,2024,9,2024-09,UNKNOWN,8,1,7,1
2024-09-22,2024,9,2024-09,UNKNOWN,8,0,8,0
2024-09-29,2024,9,2024-09,UNKNOWN,7,0,7,1
2024-10-06,2024,10,2024-10,UNKNOWN,7,0,7,0
2024-10-13,2024,10,2024-10,UNKNOWN,7,0,7,0
2024-11-24,2024,11,2024-11,UNKNOWN,4,1,3,4
2024-12-01,2024,12,2024-12,UNKNOWN,4,0,4,0
2024-12-08,2024,12,2024-12,UNKNOWN,5,1,4,0
2024-12-15,2024,12,2024-12,UNKNOWN,5,0,5,0
2024-12-22,2024,12,2024-12,UNKNOWN,5,0,5,0
2024-12-29,2024,12,2024-12,UNKNOWN,6,1,5,0
2025-01-05,2025,1,2025-01,UNKNOWN,6,0,6,0
2025-01-12,2025,1,2025-01,UNKNOWN,5,0,5,1
2025-01-19,2025,1,2025-01,UNKNOWN,5,0,5,0
2025-01-26,2025,1,2025-01,UNKNOWN,3,0,3,2
2025-02-02,2025,2,2025-02,UNKNOWN,3,0,3,0
2025-02-09,2025,2,2025-02,UNKNOWN,4,2,2,1
2025-02-16,2025,2,2025-02,UNKNOWN,6,2,4,0
2025-02-23,2025,2,2025-02,UNKNOWN,7,3,4,2
2025-03-02,2025,3,2025-03,UNKNOWN,6,1,5,2
2025-03-09,2025,3,2025-03,UNKNOWN,5,0,5,1
2025-03-16,2025,3,2025-03,UNKNOWN,3,0,3,2
2025-03-23,2025,3,2025-03,UNKNOWN,5,3,2,1
2025-03-30,2025,3,2025-03,UNKNOWN,5,0,5,0
2025-04-06,2025,4,2025-04,UNKNOWN,1,0,1,4
2025-04-13,2025,4,2025-04,UNKNOWN,2,1,1,0
2025-04-20,2025,4,2025-04,UNKNOWN,2,0,2,0
2025-04-27,2025,4,2025-04,UNKNOWN,2,0,2,0
2025-05-04,2025,5,2025-05,UNKNOWN,2,0,2,0
2025-05-11,2025,5,2025-05,UNKNOWN,2,0,2,0
2025-05-18,2025,5,2025-05,UNKNOWN,4,2,2,0
2025-05-25,2025,5,2025-05,UNKNOWN,4,0,4,0
2025-06-01,2025,6,2025-06,UNKNOWN,4,0,4,0
2025-06-08,2025,6,2025-06,UNKNOWN,4,0,4,0
2025-06-15,2025,6,2025-06,UNKNOWN,4,0,4,0
2025-06-22,2025,6,2025-06,UNKNOWN,4,0,4,0
2025-06-29,2025,6,2025-06,ATMUP,4,4,0,3
2025-06-29,2025,6,2025-06,BEYOND,2,2,0,3
2025-06-29,2025,6,2025-06,FTM,1,1,0,3
2025-06-29,2025,6,2025-06,FTMDN,2,2,0,3
2025-06-29,2025,6,2025-06,FTMUP,1,1,0,3
2025-06-29,2025,6,2025-06,JTMDN,2,2,0,3
2025-06-29,2025,6,2025-06,JTMUP,5,5,0,3
2025-06-29,2025,6,2025-06,JTXBI,1,1,0,3
2025-06-29,2025,6,2025-06,MTMDN,3,3,0,3
2025-06-29,2025,6,2025-06,MTMUP,2,2,0,3
2025-06-29,2025,6,2025-06,RTMUP,1,1,0,3
2025-06-29,2025,6,2025-06,TTMUP,1,1,0,3
2025-06-29,2025,6,2025-06,UNKNOWN,1,0,1,3
2025-07-06,2025,7,2025-07,ATMUP,2,0,2,3
2025-07-06,2025,7,2025-07,BEYOND,1,0,1,3
2025-07-06,2025,7,2025-07,FTM,1,0,1,3
2025-07-06,2025,7,2025-07,FTMDN,2,0,2,3
2025-07-06,2025,7,2025-07,FTMUP,2,1,1,3
2025-07-06,2025,7,2025-07,JTMDN,2,0,2,3
2025-07-06,2025,7,2025-07,JTMUP,5,0,5,3
2025-07-06,2025,7,2025-07,JTXBI,1,0,1,3
2025-07-06,2025,7,2025-07,MTMDN,3,0,3,3
2025-07-06,2025,7,2025-07,MTMUP,2,0,2,3
2025-07-06,2025,7,2025-07,RTMUP,1,0,1,3
2025-07-06,2025,7,2025-07,TTMUP,1,0,1,3
2025-07-06,2025,7,2025-07,UNKNOWN,1,0,1,3
2025-07-13,2025,7,2025-07,ATMUP,2,0,2,0
2025-07-13,2025,7,2025-07,BEYOND,1,0,1,0
2025-07-13,2025,7,2025-07,FTM,1,0,1,0
2025-07-13,2025,7,2025-07,FTMDN,2,0,2,0
2025-07-13,2025,7,2025-07,FTMUP,2,0,2,0
2025-07-13,2025,7,2025-07,JTMDN,2,0,2,0
2025-07-13,2025,7,2025-07,JTMUP,5,0,5,0
2025-07-13,2025,7,2025-07,JTXBI,1,0,1,0
2025-07-13,2025,7,2025-07,MTMDN,3,0,3,0
2025-07-13,2025,7,2025-07,MTMUP,2,0,2,0
2025-07-13,2025,7,2025-07,RTMUP,1,0,1,0
2025-07-13,2025,7,2025-07,TTMUP,1,0,1,0
2025-07-13,2025,7,2025-07,UNKNOWN,1,0,1,0
2025-07-20,2025,7,2025-07,ATMUP,1,0,1,2
2025-07-20,2025,7,2025-07,BEYOND,1,0,1,2
2025-07-20,2025,7,2025-07,FTM,1,0,1,2
2025-07-20,2025,7,2025-07,FTMDN,2,0,2,2
2025-07-20,2025,7,2025-07,FTMUP,2,1,1,2
2025-07-20,2025,7,2025-07,JTMDN,2,0,2,2
2025-07-20,2025,7,2025-07,JTMUP,5,0,5,2
2025-07-20,2025,7,2025-07,JTXBI,1,0,1,2
2025-07-20,2025,7,2025-07,MTMDN,3,0,3,2
2025-07-20,2025,7,2025-07,MTMUP,2,0,2,2
2025-07-20,2025,7,2025-07,RTMUP,1,0,1,2
2025-07-20,2025,7,2025-07,TTMUP,1,0,1,2
2025-07-20,2025,7,2025-07,UNKNOWN,1,0,1,2
2025-07-27,2025,7,2025-07,ATMDN,1,1,0,1
2025-07-27,2025,7,2025-07,ATMUP,1,0,1,1
2025-07-27,2025,7,2025-07,BEYOND,1,0,1,1
2025-07-27,2025,7,2025-07,FTM,1,0,1,1
2025-07-27,2025,7,2025-07,FTMDN,2,0,2,1
2025-07-27,2025,7,2025-07,FTMUP,2,0,2,1
2025-07-27,2025,7,2025-07,JTMDN,2,0,2,1
2025-07-27,2025,7,2025-07,JTMUP,5,0,5,1
2025-07-27,2025,7,2025-07,MTMDN,3,0,3,1
2025-07-27,2025,7,2025-07,MTMUP,2,0,2,1
2025-07-27,2025,7,2025-07,RTMUP,1,0,1,1
2025-07-27,2025,7,2025-07,TTMUP,1,0,1,1
2025-07-27,2025,7,2025-07,UNKNOWN,1,0,1,1
2025-08-03,2025,8,2025-08,ATMBI,1,1,0,2
2025-08-03,2025,8,2025-08,BEYOND,1,0,1,2
2025-08-03,2025,8,2025-08,CTMDN,1,1,0,2
2025-08-03,2025,8,2025-08,FTM,1,0,1,2
2025-08-03,2025,8,2025-08,FTMDN,2,0,2,2
2025-08-03,2025,8,2025-08,FTMUP,2,0,2,2
2025-08-03,2025,8,2025-08,JTMDN,2,0,2,2
2025-08-03,2025,8,2025-08,JTMUP,5,0,5,2
2025-08-03,2025,8,2025-08,MTMDN,3,0,3,2
2025-08-03,2025,8,2025-08,MTMUP,3,1,2,2
2025-08-03,2025,8,2025-08,RTMUP,1,0,1,2
2025-08-03,2025,8,2025-08,TTMUP,1,0,1,2
2025-08-03,2025,8,2025-08,UNKNOWN,1,0,1,2
2025-08-10,2025,8,2025-08,BEYOND,1,0,1,4
2025-08-10,2025,8,2025-08,CTMDN,1,1,0,4
2025-08-10,2025,8,2025-08,FTM,1,0,1,4
2025-08-10,2025,8,2025-08,FTMDN,2,0,2,4
2025-08-10,2025,8,2025-08,FTMUP,2,1,1,4
2025-08-10,2025,8,2025-08,JTMDN,2,0,2,4
2025-08-10,2025,8,2025-08,JTMUP,5,0,5,4
2025-08-10,2025,8,2025-08,MTMDN,3,0,3,4
2025-08-10,2025,8,2025-08,MTMUP,3,1,2,4
2025-08-10,2025,8,2025-08,RTMUP,1,0,1,4
2025-08-10,2025,8,2025-08,TTMUP,1,0,1,4
2025-08-10,2025,8,2025-08,UNKNOWN,1,0,1,4
2025-08-17,2025,8,2025-08,BEYOND,1,0,1,1
2025-08-17,2025,8,2025-08,CTMDN,1,0,1,1
2025-08-17,2025,8,2025-08,FTM,1,0,1,1
2025-08-17,2025,8,2025-08,FTMDN,2,0,2,1
2025-08-17,2025,8,2025-08,FTMUP,2,0,2,1
2025-08-17,2025,8,2025-08,JTMDN,2,0,2,1
2025-08-17,2025,8,2025-08,JTMUP,5,0,5,1
2025-08-17,2025,8,2025-08,MTMDN,3,0,3,1
2025-08-17,2025,8,2025-08,MTMUP,2,0,2,1
2025-08-17,2025,8,2025-08,RTMUP,1,0,1,1
2025-08-17,2025,8,2025-08,TTMUP,1,0,1,1
2025-08-17,2025,8,2025-08,UNKNOWN,1,0,1,1
2025-08-24,2025,8,2025-08,BEYOND,1,0,1,1
2025-08-24,2025,8,2025-08,CTMDN,1,0,1,1
2025-08-24,2025,8,2025-08,FREDN,1,1,0,1
2025-08-24,2025,8,2025-08,FTM,1,0,1,1
2025-08-24,2025,8,2025-08,FTMDN,1,0,1,1
2025-08-24,2025,8,2025-08,FTMUP,2,0,2,1
2025-08-24,2025,8,2025-08,JTMDN,2,0,2,1
2025-08-24,2025,8,2025-08,JTMUP,5,0,5,1
2025-08-24,2025,8,2025-08,MTMDN,3,0,3,1
2025-08-24,2025,8,2025-08,MTMUP,2,0,2,1
2025-08-24,2025,8,2025-08,RTMUP,1,0,1,1
2025-08-24,2025,8,2025-08,TTMUP,1,0,1,1
2025-08-24,2025,8,2025-08,UNKNOWN,1,0,1,1
2025-08-31,2025,8,2025-08,ATMDN,1,1,0,1
2025-08-31,2025,8,2025-08,BEYOND,1,0,1,1
2025-08-31,2025,8,2025-08,CTMDN,1,0,1,1
2025-08-31,2025,8,2025-08,FTM,1,0,1,1
2025-08-31,2025,8,2025-08,FTMDN,2,1,1,1
2025-08-31,2025,8,2025-08,FTMUP,2,0,2,1
2025-08-31,2025,8,2025-08,JTMDN,2,0,2,1
2025-08-31,2025,8,2025-08,JTMUP,5,0,5,1
2025-08-31,2025,8,2025-08,MTMDN,3,0,3,1
2025-08-31,2025,8,2025-08,MTMUP,2,0,2,1
2025-08-31,2025,8,2025-08,RTMUP,1,0,1,1
2025-08-31,2025,8,2025-08,TTMUP,1,0,1,1
2025-08-31,2025,8,2025-08,UNKNOWN,1,0,1,1
2025-09-07,2025,9,2025-09,BEYOND,1,0,1,2
2025-09-07,2025,9,2025-09,CTMDN,1,1,0,2
2025-09-07,2025,9,2025-09,FTM,1,0,1,2
2025-09-07,2025,9,2025-09,FTMDN,2,0,2,2
2025-09-07,2025,9,2025-09,FTMUP,2,0,2,2
2025-09-07,2025,9,2025-09,JTMDN,2,0,2,2
2025-09-07,2025,9,2025-09,JTMUP,5,0,5,2
2025-09-07,2025,9,2025-09,MTMDN,3,0,3,2
2025-09-07,2025,9,2025-09,MTMUP,2,0,2,2
2025-09-07,2025,9,2025-09,RTMUP,1,0,1,2
2025-09-07,2025,9,2025-09,TTMUP,1,0,1,2
2025-09-07,2025,9,2025-09,UNKNOWN,1,0,1,2
2025-09-14,2025,9,2025-09,BEYOND,1,0,1,0
2025-09-14,2025,9,2025-09,CTMDN,1,0,1,0
2025-09-14,2025,9,2025-09,FTM,1,0,1,0
2025-09-14,2025,9,2025-09,FTMDN,3,1,2,0
2025-09-14,2025,9,2025-09,FTMUP,3,1,2,0
2025-09-14,2025,9,2025-09,JTMDN,2,0,2,0
2025-09-14,2025,9,2025-09,JTMUP,5,0,5,0
2025-09-14,2025,9,2025-09,MTMDN,4,1,3,0
2025-09-14,2025,9,2025-09,MTMUP,3,1,2,0
2025-09-14,2025,9,2025-09,RTMUP,1,0,1,0
2025-09-14,2025,9,2025-09,TTMUP,1,0,1,0
2025-09-14,2025,9,2025-09,UNKNOWN,1,0,1,0
2025-09-21,2025,9,2025-09,BEYOND,1,0,1,8
2025-09-21,2025,9,2025-09,CTMDN,1,0,1,8
2025-09-21,2025,9,2025-09,FTM,1,0,1,8
2025-09-21,2025,9,2025-09,FTMDN,1,0,1,8
2025-09-21,2025,9,2025-09,FTMUP,2,1,1,8
2025-09-21,2025,9,2025-09,JTMDN,2,0,2,8
2025-09-21,2025,9,2025-09,JTMUP,2,0,2,8
2025-09-21,2025,9,2025-09,MTMDN,4,0,4,8
2025-09-21,2025,9,2025-09,MTMUP,3,0,3,8
2025-09-21,2025,9,2025-09,RTMUP,1,0,1,8
2025-09-21,2025,9,2025-09,UNKNOWN,1,0,1,8
2025-09-28,2025,9,2025-09,BEYOND,1,0,1,2
2025-09-28,2025,9,2025-09,CTMDN,1,1,0,2
2025-09-28,2025,9,2025-09,FTM,1,0,1,2
2025-09-28,2025,9,2025-09,FTMDN,2,1,1,2
2025-09-28,2025,9,2025-09,FTMUP,2,1,1,2
2025-09-28,2025,9,2025-09,JTMDN,2,0,2,2
2025-09-28,2025,9,2025-09,JTMUP,5,3,2,2
2025-09-28,2025,9,2025-09,MTMDN,4,0,4,2
2025-09-28,2025,9,2025-09,MTMUP,4,1,3,2
2025-09-28,2025,9,2025-09,RTMUP,1,0,1,2
2025-09-28,2025,9,2025-09,TTMUP,1,1,0,2
2025-09-28,2025,9,2025-09,UNKNOWN,1,0,1,2
2025-10-05,2025,10,2025-10,BEYOND,1,0,1,1
2025-10-05,2025,10,2025-10,CTMDN,1,0,1,1
2025-10-05,2025,10,2025-10,FTM,1,0,1,1
2025-10-05,2025,10,2025-10,FTMDN,2,0,2,1
2025-10-05,2025,10,2025-10,FTMUP,2,1,1,1
2025-10-05,2025,10,2025-10,JTMDN,2,0,2,1
2025-10-05,2025,10,2025-10,JTMUP,5,0,5,1
2025-10-05,2025,10,2025-10,MTMDN,4,0,4,1
2025-10-05,2025,10,2025-10,MTMUP,4,0,4,1
2025-10-05,2025,10,2025-10,RTMUP,1,0,1,1
2025-10-05,2025,10,2025-10,TTMUP,1,0,1,1
2025-10-05,2025,10,2025-10,UNKNOWN,1,0,1,1
2025-10-12,2025,10,2025-10,BEYOND,2,1,1,1
2025-10-12,2025,10,2025-10,CTMDN,1,1,0,1
2025-10-12,2025,10,2025-10,FTM,1,0,1,1
2025-10-12,2025,10,2025-10,FTMDN,2,0,2,1
2025-10-12,2025,10,2025-10,FTMUP,3,1,2,1
2025-10-12,2025,10,2025-10,JTMDN,2,0,2,1
2025-10-12,2025,10,2025-10,JTMUP,5,0,5,1
2025-10-12,2025,10,2025-10,MTMDN,5,1,4,1
2025-10-12,2025,10,2025-10,MTMUP,4,0,4,1
2025-10-12,2025,10,2025-10,RTMUP,1,0,1,1
2025-10-12,2025,10,2025-10,TTMUP,1,0,1,1
2025-10-12,2025,10,2025-10,UNKNOWN,1,0,1,1
2025-10-19,2025,10,2025-10,BEYOND,2,0,2,2
2025-10-19,2025,10,2025-10,CTMDN,1,0,1,2
2025-10-19,2025,10,2025-10,FTM,1,0,1,2
2025-10-19,2025,10,2025-10,FTMDN,2,0,2,2
2025-10-19,2025,10,2025-10,FTMUP,2,0,2,2
2025-10-19,2025,10,2025-10,JTMDN,2,0,2,2
2025-10-19,2025,10,2025-10,JTMUP,5,0,5,2
2025-10-19,2025,10,2025-10,MTMDN,5,0,5,2
2025-10-19,2025,10,2025-10,MTMUP,4,0,4,2
2025-10-19,2025,10,2025-10,TTMUP,1,0,1,2
2025-10-19,2025,10,2025-10,UNKNOWN,1,0,1,2
2025-10-26,2025,10,2025-10,BEYOND,2,0,2,0
2025-10-26,2025,10,2025-10,CTMDN,1,0,1,0
2025-10-26,2025,10,2025-10,FTM,1,0,1,0
2025-10-26,2025,10,2025-10,FTMDN,2,0,2,0
2025-10-26,2025,10,2025-10,FTMUP,2,0,2,0
2025-10-26,2025,10,2025-10,JTMDN,2,0,2,0
2025-10-26,2025,10,2025-10,JTMUP,5,0,5,0
2025-10-26,2025,10,2025-10,MTMDN,5,0,5,0
2025-10-26,2025,10,2025-10,MTMUP,4,0,4,0
2025-10-26,2025,10,2025-10,TTMUP,1,0,1,0
2025-10-26,2025,10,2025-10,UNKNOWN,1,0,1,0
2025-11-02,2025,11,2025-11,BEYOND,2,0,2,5
2025-11-02,2025,11,2025-11,CTMDN,1,0,1,5
2025-11-02,2025,11,2025-11,FTM,1,1,0,5
2025-11-02,2025,11,2025-11,FTMDN,2,1,1,5
2025-11-02,2025,11,2025-11,FTMUP,2,0,2,5
2025-11-02,2025,11,2025-11,JTMDN,2,0,2,5
2025-11-02,2025,11,2025-11,JTMUP,5,0,5,5
2025-11-02,2025,11,2025-11,MTMDN,4,1,3,5
2025-11-02,2025,11,2025-11,MTMUP,3,0,3,5
2025-11-02,2025,11,2025-11,TTMUP,1,0,1,5
2025-11-02,2025,11,2025-11,UNKNOWN,1,0,1,5
2025-11-09,2025,11,2025-11,ATMDN,1,1,0,3
2025-11-09,2025,11,2025-11,BEYOND,2,0,2,3
2025-11-09,2025,11,2025-11,CTMDN,1,1,0,3
2025-11-09,2025,11,2025-11,FTM,1,0,1,3
2025-11-09,2025,11,2025-11,FTMDN,2,0,2,3
2025-11-09,2025,11,2025-11,FTMUP,2,0,2,3
2025-11-09,2025,11,2025-11,JTMDN,2,0,2,3
2025-11-09,2025,11,2025-11,JTMUP,5,0,5,3
2025-11-09,2025,11,2025-11,MTMDN,4,1,3,3
2025-11-09,2025,11,2025-11,MTMUP,3,1,2,3
2025-11-09,2025,11,2025-11,TTMUP,1,0,1,3
2025-11-09,2025,11,2025-11,UNKNOWN,1,0,1,3
2025-11-16,2025,11,2025-11,BEYOND,2,0,2,1
2025-11-16,2025,11,2025-11,CTMDN,1,0,1,1
2025-11-16,2025,11,2025-11,FTM,1,0,1,1
2025-11-16,2025,11,2025-11,FTMDN,2,0,2,1
2025-11-16,2025,11,2025-11,FTMUP,2,0,2,1
2025-11-16,2025,11,2025-11,JTMDN,3,1,2,1
2025-11-16,2025,11,2025-11,JTMUP,5,0,5,1
2025-11-16,2025,11,2025-11,MTMDN,4,0,4,1
2025-11-16,2025,11,2025-11,MTMUP,3,0,3,1
2025-11-16,2025,11,2025-11,TTMUP,1,0,1,1
2025-11-16,2025,11,2025-11,UNKNOWN,1,0,1,1
2025-11-23,2025,11,2025-11,BEYOND,2,0,2,0
2025-11-23,2025,11,2025-11,CTMDN,1,0,1,0
2025-11-23,2025,11,2025-11,FTM,1,0,1,0
2025-11-23,2025,11,2025-11,FTMDN,2,0,2,0
2025-11-23,2025,11,2025-11,FTMUP,3,1,2,0
2025-11-23,2025,11,2025-11,JTMDN,3,0,3,0
2025-11-23,2025,11,2025-11,JTMUP,5,0,5,0
2025-11-23,2025,11,2025-11,MTMDN,4,0,4,0
2025-11-23,2025,11,2025-11,MTMUP,3,0,3,0
2025-11-23,2025,11,2025-11,TTMUP,1,0,1,0
2025-11-23,2025,11,2025-11,UNKNOWN,1,0,1,0
2025-11-30,2025,11,2025-11,BEYOND,2,0,2,4
2025-11-30,2025,11,2025-11,CTMDN,1,0,1,4
2025-11-30,2025,11,2025-11,FTM,1,1,0,4
2025-11-30,2025,11,2025-11,FTMDN,2,1,1,4
2025-11-30,2025,11,2025-11,FTMUP,4,2,2,4
2025-11-30,2025,11,2025-11,JTMDN,4,2,2,4
2025-11-30,2025,11,2025-11,JTMUP,5,0,5,4
2025-11-30,2025,11,2025-11,MTMDN,4,0,4,4
2025-11-30,2025,11,2025-11,MTMUP,3,0,3,4
2025-11-30,2025,11,2025-11,TTMUP,1,0,1,4
2025-11-30,2025,11,2025-11,UNKNOWN,1,0,1,4
2025-12-07,2025,12,2025-12,BEYOND,2,0,2,1
2025-12-07,2025,12,2025-12,CTMDN,1,0,1,1
2025-12-07,2025,12,2025-12,FTM,1,0,1,1
2025-12-07,2025,12,2025-12,FTMDN,2,0,2,1
2025-12-07,2025,12,2025-12,FTMUP,4,0,4,1
2025-12-07,2025,12,2025-12,JTMDN,4,1,3,1
2025-12-07,2025,12,2025-12,JTMUP,5,0,5,1
2025-12-07,2025,12,2025-12,MTMDN,4,0,4,1
2025-12-07,2025,12,2025-12,MTMUP,3,0,3,1
2025-12-07,2025,12,2025-12,TTMUP,1,0,1,1
2025-12-07,2025,12,2025-12,UNKNOWN,1,0,1,1
2025-12-14,2025,12,2025-12,BEYOND,2,0,2,3
2025-12-14,2025,12,2025-12,CTMDN,1,0,1,3
2025-12-14,2025,12,2025-12,FTM,1,0,1,3
2025-12-14,2025,12,2025-12,FTMDN,2,1,1,3
2025-12-14,2025,12,2025-12,FTMUP,4,1,3,3
2025-12-14,2025,12,2025-12,JTMDN,4,1,3,3
2025-12-14,2025,12,2025-12,JTMUP,5,0,5,3
2025-12-14,2025,12,2025-12,MTMDN,4,0,4,3
2025-12-14,2025,12,2025-12,MTMUP,3,0,3,3
2025-12-14,2025,12,2025-12,TTMUP,1,0,1,3
2025-12-14,2025,12,2025-12,UNKNOWN,1,0,1,3
2025-12-21,2025,12,2025-12,BEYOND,2,0,2,3
2025-12-21,2025,12,2025-12,CTMDN,1,0,1,3
2025-12-21,2025,12,2025-12,FTMDN,2,1,1,3
2025-12-21,2025,12,2025-12,FTMUP,5,1,4,3
2025-12-21,2025,12,2025-12,JTMDN,3,0,3,3
2025-12-21,2025,12,2025-12,JTMUP,6,1,5,3
2025-12-21,2025,12,2025-12,MTMDN,4,0,4,3
2025-12-21,2025,12,2025-12,MTMUP,3,0,3,3
2025-12-21,2025,12,2025-12,TTMUP,1,0,1,3
2025-12-21,2025,12,2025-12,UNKNOWN,1,0,1,3
2025-12-28,2025,12,2025-12,BEYOND,2,0,2,1
2025-12-28,2025,12,2025-12,CTMDN,1,0,1,1
2025-12-28,2025,12,2025-12,FTMDN,2,0,2,1
2025-12-28,2025,12,2025-12,FTMUP,5,0,5,1
2025-12-28,2025,12,2025-12,JTMDN,3,1,2,1
2025-12-28,2025,12,2025-12,JTMUP,6,0,6,1
2025-12-28,2025,12,2025-12,MTMDN,4,0,4,1
2025-12-28,2025,12,2025-12,MTMUP,3,0,3,1
2025-12-28,2025,12,2025-12,TTMUP,1,0,1,1
2025-12-28,2025,12,2025-12,UNKNOWN,1,0,1,1
2026-01-04,2026,1,2026-01,BEYOND,2,0,2,1
2026-01-04,2026,1,2026-01,CTMDN,1,0,1,1
2026-01-04,2026,1,2026-01,FTMDN,2,0,2,1
2026-01-04,2026,1,2026-01,FTMUP,5,0,5,1
2026-01-04,2026,1,2026-01,JTMDN,2,0,2,1
2026-01-04,2026,1,2026-01,JTMUP,6,0,6,1
2026-01-04,2026,1,2026-01,MTMDN,4,0,4,1
2026-01-04,2026,1,2026-01,MTMUP,3,0,3,1
2026-01-04,2026,1,2026-01,TTMUP,1,0,1,1
2026-01-04,2026,1,2026-01,UNKNOWN,1,0,1,1
2026-01-11,2026,1,2026-01,BEYOND,2,0,2,2
2026-01-11,2026,1,2026-01,CTMDN,1,0,1,2
2026-01-11,2026,1,2026-01,FTMDN,1,0,1,2
2026-01-11,2026,1,2026-01,FTMUP,4,0,4,2
2026-01-11,2026,1,2026-01,JTMDN,2,0,2,2
2026-01-11,2026,1,2026-01,JTMUP,6,0,6,2
2026-01-11,2026,1,2026-01,MTMDN,4,0,4,2
2026-01-11,2026,1,2026-01,MTMUP,3,0,3,2
2026-01-11,2026,1,2026-01,TTMUP,1,0,1,2
2026-01-11,2026,1,2026-01,UNKNOWN,1,0,1,2
2026-01-18,2026,1,2026-01,BEYOND,2,0,2,2
2026-01-18,2026,1,2026-01,CTMDN,1,0,1,2
2026-01-18,2026,1,2026-01,FTMDN,1,0,1,2
2026-01-18,2026,1,2026-01,FTMUP,4,1,3,2
2026-01-18,2026,1,2026-01,JTMDN,2,0,2,2
2026-01-18,2026,1,2026-01,JTMUP,6,1,5,2
2026-01-18,2026,1,2026-01,MTMDN,4,0,4,2
2026-01-18,2026,1,2026-01,MTMUP,3,0,3,2
2026-01-18,2026,1,2026-01,TTMUP,1,0,1,2
2026-01-18,2026,1,2026-01,UNKNOWN,1,0,1,2
2026-01-25,2026,1,2026-01,BEYOND,2,0,2,0
2026-01-25,2026,1,2026-01,CTMDN,1,0,1,0
2026-01-25,2026,1,2026-01,FTMDN,1,0,1,0
2026-01-25,2026,1,2026-01,FTMUP,4,0,4,0
2026-01-25,2026,1,2026-01,JTMDN,2,0,2,0
2026-01-25,2026,1,2026-01,JTMUP,6,0,6,0
2026-01-25,2026,1,2026-01,MTMDN,4,0,4,0
2026-01-25,2026,1,2026-01,MTMUP,3,0,3,0
2026-01-25,2026,1,2026-01,TTMUP,1,0,1,0
2026-01-25,2026,1,2026-01,UNKNOWN,1,0,1,0
2026-02-01,2026,2,2026-02,BEYOND,2,0,2,4
2026-02-01,2026,2,2026-02,FTMDN,1,0,1,4
2026-02-01,2026,2,2026-02,FTMUP,4,0,4,4
2026-02-01,2026,2,2026-02,JTMDN,2,0,2,4
2026-02-01,2026,2,2026-02,JTMUP,6,0,6,4
2026-02-01,2026,2,2026-02,MTMDN,4,2,2,4
2026-02-01,2026,2,2026-02,MTMUP,3,1,2,4
2026-02-01,2026,2,2026-02,TTMUP,1,0,1,4
2026-02-01,2026,2,2026-02,UNKNOWN,1,0,1,4
2026-02-08,2026,2,2026-02,BEYOND,2,0,2,0
2026-02-08,2026,2,2026-02,CTMUP,1,1,0,0
2026-02-08,2026,2,2026-02,FTMDN,1,0,1,0
2026-02-08,2026,2,2026-02,FTMUP,4,0,4,0
2026-02-08,2026,2,2026-02,JTMDN,2,0,2,0
2026-02-08,2026,2,2026-02,JTMUP,6,0,6,0
2026-02-08,2026,2,2026-02,MTMDN,4,0,4,0
2026-02-08,2026,2,2026-02,MTMUP,4,1,3,0
2026-02-08,2026,2,2026-02,TTMUP,1,0,1,0
2026-02-08,2026,2,2026-02,UNKNOWN,1,0,1,0
2026-02-15,2026,2,2026-02,BEYOND,2,0,2,2
2026-02-15,2026,2,2026-02,CTMUP,1,0,1,2
2026-02-15,2026,2,2026-02,FTMDN,1,0,1,2
2026-02-15,2026,2,2026-02,FTMUP,4,0,4,2
2026-02-15,2026,2,2026-02,JTMDN,2,0,2,2
2026-02-15,2026,2,2026-02,JTMUP,6,0,6,2
2026-02-15,2026,2,2026-02,MTMDN,3,0,3,2
2026-02-15,2026,2,2026-02,MTMUP,3,0,3,2
2026-02-15,2026,2,2026-02,RTMDN,1,1,0,2
2026-02-15,2026,2,2026-02,TTMUP,1,0,1,2
2026-02-15,2026,2,2026-02,UNKNOWN,1,0,1,2
2026-02-22,2026,2,2026-02,BEYOND,2,0,2,4
2026-02-22,2026,2,2026-02,CTMUP,1,1,0,4
2026-02-22,2026,2,2026-02,FTMDN,1,0,1,4
2026-02-22,2026,2,2026-02,FTMUP,4,0,4,4
2026-02-22,2026,2,2026-02,JTMDN,2,0,2,4
2026-02-22,2026,2,2026-02,JTMUP,5,1,4,4
2026-02-22,2026,2,2026-02,MTMDN,3,0,3,4
2026-02-22,2026,2,2026-02,MTMUP,2,0,2,4
2026-02-22,2026,2,2026-02,RTMDN,1,0,1,4
2026-02-22,2026,2,2026-02,TTMUP,1,0,1,4
2026-02-22,2026,2,2026-02,UNKNOWN,1,0,1,4
2026-03-01,2026,3,2026-03,BEYOND,2,0,2,0
2026-03-01,2026,3,2026-03,CTMUP,1,0,1,0
2026-03-01,2026,3,2026-03,FTMDN,1,0,1,0
2026-03-01,2026,3,2026-03,FTMUP,4,0,4,0
2026-03-01,2026,3,2026-03,JTMDN,2,0,2,0
2026-03-01,2026,3,2026-03,JTMUP,5,0,5,0
2026-03-01,2026,3,2026-03,MTMDN,3,0,3,0
2026-03-01,2026,3,2026-03,MTMUP,2,0,2,0
2026-03-01,2026,3,2026-03,RTMDN,1,0,1,0
2026-03-01,2026,3,2026-03,TTMUP,1,0,1,0
2026-03-01,2026,3,2026-03,UNKNOWN,1,0,1,0
2026-03-08,2026,3,2026-03,BEYOND,2,0,2,0
2026-03-08,2026,3,2026-03,CTMUP,1,0,1,0
2026-03-08,2026,3,2026-03,FTMDN,1,0,1,0
2026-03-08,2026,3,2026-03,FTMUP,4,0,4,0
2026-03-08,2026,3,2026-03,JTMDN,2,0,2,0
2026-03-08,2026,3,2026-03,JTMUP,5,0,5,0
2026-03-08,2026,3,2026-03,MTMDN,3,0,3,0
2026-03-08,2026,3,2026-03,MTMUP,2,0,2,0
2026-03-08,2026,3,2026-03,RTMDN,1,0,1,0
2026-03-08,2026,3,2026-03,TTMUP,1,0,1,0
2026-03-08,2026,3,2026-03,UNKNOWN,1,0,1,0
2026-03-15,2026,3,2026-03,BEYOND,2,0,2,1
2026-03-15,2026,3,2026-03,CTMUP,1,0,1,1
2026-03-15,2026,3,2026-03,FTMDN,1,0,1,1
2026-03-15,2026,3,2026-03,FTMUP,4,0,4,1
2026-03-15,2026,3,2026-03,JTMDN,2,0,2,1
2026-03-15,2026,3,2026-03,JTMUP,5,1,4,1
2026-03-15,2026,3,2026-03,MTMDN,3,0,3,1
2026-03-15,2026,3,2026-03,MTMUP,2,0,2,1
2026-03-15,2026,3,2026-03,RTMDN,1,0,1,1
2026-03-15,2026,3,2026-03,TTMUP,1,0,1,1
2026-03-15,2026,3,2026-03,UNKNOWN,1,0,1,1
2026-03-22,2026,3,2026-03,BEYOND,2,0,2,2
2026-03-22,2026,3,2026-03,CTMUP,1,0,1,2
2026-03-22,2026,3,2026-03,FTMDN,1,0,1,2
2026-03-22,2026,3,2026-03,FTMUP,4,1,3,2
2026-03-22,2026,3,2026-03,FXO3BI,1,1,0,2
2026-03-22,2026,3,2026-03,JTMDN,2,0,2,2
2026-03-22,2026,3,2026-03,JTMUP,5,0,5,2
2026-03-22,2026,3,2026-03,MTMDN,3,0,3,2
2026-03-22,2026,3,2026-03,MTMUP,2,0,2,2
2026-03-22,2026,3,2026-03,TTMUP,1,0,1,2
2026-03-22,2026,3,2026-03,UNKNOWN,1,0,1,2
2026-03-29,2026,3,2026-03,BEYOND,2,0,2,2
2026-03-29,2026,3,2026-03,CTMUP,1,0,1,2
2026-03-29,2026,3,2026-03,FTMDN,1,0,1,2
2026-03-29,2026,3,2026-03,FTMUP,4,0,4,2
2026-03-29,2026,3,2026-03,JTMDN,2,0,2,2
2026-03-29,2026,3,2026-03,JTMUP,5,0,5,2
2026-03-29,2026,3,2026-03,MTMDN,3,1,2,2
2026-03-29,2026,3,2026-03,MTMUP,2,0,2,2
2026-03-29,2026,3,2026-03,TTMUP,1,0,1,2
2026-03-29,2026,3,2026-03,UNKNOWN,1,0,1,2
2026-04-05,2026,4,2026-04,BEYOND,2,0,2,0
2026-04-05,2026,4,2026-04,CTMUP,1,0,1,0
2026-04-05,2026,4,2026-04,FTMDN,1,0,1,0
2026-04-05,2026,4,2026-04,FTMUP,4,0,4,0
2026-04-05,2026,4,2026-04,JTMDN,2,0,2,0
2026-04-05,2026,4,2026-04,JTMUP,5,0,5,0
2026-04-05,2026,4,2026-04,MTMDN,3,0,3,0
2026-04-05,2026,4,2026-04,MTMUP,2,0,2,0
2026-04-05,2026,4,2026-04,TTMUP,1,0,1,0
2026-04-05,2026,4,2026-04,UNKNOWN,1,0,1,0
2026-04-12,2026,4,2026-04,BEYOND,2,0,2,2
2026-04-12,2026,4,2026-04,CTMUP,1,0,1,2
2026-04-12,2026,4,2026-04,FTMDN,1,0,1,2
2026-04-12,2026,4,2026-04,FTMUP,4,0,4,2
2026-04-12,2026,4,2026-04,JTMDN,2,0,2,2
2026-04-12,2026,4,2026-04,JTMUP,5,1,4,2
2026-04-12,2026,4,2026-04,MTMDN,3,1,2,2
2026-04-12,2026,4,2026-04,MTMUP,2,0,2,2
2026-04-12,2026,4,2026-04,TTMUP,1,0,1,2
2026-04-12,2026,4,2026-04,UNKNOWN,1,0,1,2
2026-04-19,2026,4,2026-04,BEYOND,2,0,2,2
2026-04-19,2026,4,2026-04,CTMUP,1,0,1,2
2026-04-19,2026,4,2026-04,FTMDN,1,0,1,2
2026-04-19,2026,4,2026-04,FTMUP,3,0,3,2
2026-04-19,2026,4,2026-04,JTMDN,2,0,2,2
2026-04-19,2026,4,2026-04,JTMUP,5,1,4,2
2026-04-19,2026,4,2026-04,MTMDN,3,0,3,2
2026-04-19,2026,4,2026-04,MTMUP,2,0,2,2
2026-04-19,2026,4,2026-04,TTMUP,1,0,1,2
2026-04-19,2026,4,2026-04,UNKNOWN,1,0,1,2
2026-04-26,2026,4,2026-04,BEYOND,2,0,2,3
2026-04-26,2026,4,2026-04,CTMUP,1,0,1,3
2026-04-26,2026,4,2026-04,FTMDN,1,0,1,3
2026-04-26,2026,4,2026-04,FTMUP,3,0,3,3
2026-04-26,2026,4,2026-04,JTMDN,2,0,2,3
2026-04-26,2026,4,2026-04,JTMUP,2,0,2,3
2026-04-26,2026,4,2026-04,MTMDN,3,0,3,3
2026-04-26,2026,4,2026-04,MTMUP,2,0,2,3
2026-04-26,2026,4,2026-04,TTMUP,1,0,1,3
2026-04-26,2026,4,2026-04,UNKNOWN,1,0,1,3
2026-05-03,2026,5,2026-05,UNKNOWN,2,1,1,17
2026-05-10,2026,5,2026-05,UNKNOWN,2,0,2,0
2026-05-17,2026,5,2026-05,UNKNOWN,3,1,2,0
2026-05-24,2026,5,2026-05,UNKNOWN,2,0,2,1
2026-05-31,2026,5,2026-05,UNKNOWN,2,0,2,0
2026-06-07,2026,6,2026-06,UNKNOWN,2,0,2,0
2026-06-14,2026,6,2026-06,UNKNOWN,2,0,2,0
2026-06-21,2026,6,2026-06,UNKNOWN,3,1,2,0
2026-06-28,2026,6,2026-06,UNKNOWN,3,0,3,0
