tsr_master_id,first_seen_notice_date,last_seen_notice_date,weeks_seen,latest_location,latest_line_section,latest_distance_km,latest_stn_no,latest_max_speed,date_imposed,latest_reason,latest_date_cancelled,master_fingerprint
53,2018-09-01,2020-08-01,60,Fremantle - Robbs Jetty,Fremantle - Robbs Jetty,Section,,20km/h,September 2011,Pedestrian Crossing Review,TBA,a929be62a7dc0a8ce26f3ed962791aab5c3d53159c0a6c0ccc0ca9819b803e7f
54,2018-09-01,2018-09-01,1,East Perth - Claisebrook,East Perth - Claisebrook,0.250km to 0.600km (Up &,,30km/h,09 February 2018,Rail Defects,,619448f97e0e44ce8073948e02b7f90a7cf15237f79f58c4b249e562a8c5abe3
55,2018-09-01,2018-09-01,1,East Perth - Fremantle,East Perth - Fremantle,Down Mains) 4.883km to 4.983km (Down,,80km/h,14 February 2018,Rail Defect at 856A Points,,8384901eb99767aaa4b7d7ce761839489a208aaae0f51c30259b10002aa91dd4
76,2019-01-18,2019-01-25,2,Leederville- Stirling,Leederville- Stirling,2.690 to 2.810 Down Main,,40km/h,December 25th 2018,Sleeper Condition on Vincent St Bridge,,5a43fbacdfa4d7b4fab84ac7497390873a044c60b9a0f7f784bedf93131477ce
79,2019-03-23,2019-10-26,25,Fremantle - Robbs Jetty,Fremantle - Robbs Jetty,Section,,30km/h,,Pedestrian Crossing Review,TBA,8918a9a9f6bdd416a9307e6fa4bccdbb51a36bb8fcc49a044a4774bd380b5546
80,2019-03-23,2019-05-25,8,Leederville- Stirling,Leederville- Stirling,2.465 to 2.780 Down Main,,40km/h,,Sleeper Condition on Vincent St Bridge,May 31st 2019,64c739489df6e90d1d0d47ab14ae7bdbe41b8b06fff21c58cb5975e84c4ced4f
81,2019-03-23,2019-03-23,1,Fremantle Line,Fremantle Line,8.000 to 8.539 Up Main,,40km/h,,Re-Rail,March 18th 2019,6304fc7022d556ccffee505d943367ea16f6088573a4992d844627ed8ab26880
82,2019-03-23,2019-03-23,1,Fremantle Line,Fremantle Line,8.651 to 8.851 Down Main,,40km/h,,Re-Rail,March 18th 2019,eda3d9334af4b5ff4aae9a8052c786106680ceb51968ef7c77557f18ca133785
98,2019-06-15,2019-08-10,9,Leederville - Stirling,Leederville - Stirling,2.465 to 2.780 Down Main,,40km/h,27th July 2019,Sleeper Condition on Vincent St Bridge,27th July 2019,e9f3b140a8d24c4d5b56a58c90470e5f3130bd963549be3cbac6a76cf0fea501
99,2019-06-15,2019-07-20,6,Joondalup - Edgewater,Joondalup - Edgewater,22.942 to 23.184 Down Main,,40km/h,19th July 2019,Rail Defect,19th July 2019,140d7c0af456326b1f37edbb9b1a245daf46320d6b6e8c095b9d6dae5cb7a70b
100,2019-06-15,2019-07-13,5,Fremantle - Shenton Park,Fremantle - Shenton Park,8.268 to 8.516 Up Main,,40km/h,30th June 2019,Rail Defect,30th June 2019,a3d277492a43d7c9e502b40e92ea5b6b5a37093acd85376b7ffc078a8dccb25e
109,2019-06-29,2019-08-10,7,Nowergup Yard,Nowergup Yard,Across 37 & 38 points in yard,,8km/h,,Points,TBA,bd89895cf891b55649bd5627d9c2624ff87c7c560f22e7f01988c7a3d7e60d55
127,2019-07-27,2019-08-10,3,Kenwick Station,Kenwick Station,14.270 to 14.460km Down Main,,40km/h,31st July 2019,Rail defect,31st July 2019,5923c38d836581b79668c2bf86dd466ab720377a0328d2b895e3a72e14313f07
128,2019-07-27,2019-10-26,4,Gosnells to Maddington,Gosnells to Maddington,19.300 to 19.000km Up Main,,40km/h,6th November 2019,Rail defects,6th November 2019,1d1041cc1c92ba0d007e2f56cd09f4d87bc2e008e9f8363ca2ac71c781966d3f
129,2019-07-27,2019-10-26,11,Kelmscott to Challis,Kelmscott to Challis,25.975 to 26.140km Up Main,,40km/h,27th August 2019,Rail defects,27th August 2019,c61fffae91f5707182c1c94299a15e8ffad950e12043860d6adb5973b2caf2e4
143,2019-08-24,2019-10-05,7,Leederville - Stirling,Leederville - Stirling,2.465 to 2.780 Down Main,,40km/h,17th October 2019,Sleeper Condition on Vincent St Bridge,17th October 2019,d53af09baeeb976a92646ee69d2a87d86fcdc53a66244cca8b9aa193acb107f3
144,2019-08-24,2019-10-05,7,Nowergup Yard,Nowergup Yard,Across 37 & 38 points in yard,,8km/h,2nd October 2019,Points,2nd October 2019,2808284a9cd2cdb31b8cbe477b3782d507962fa7da7f9c1101a0d578555d85a5
145,2019-08-24,2019-09-14,4,Kenwick Station,Kenwick Station,14.270 to 14.460km Down,,40km/h,12th September 2019,Rail defect,12th September 2019,c565fbcc4d7e8663d6532322ed97ea8eb73e06489988169db2cf265aede598c3
146,2019-08-24,2019-09-14,4,Gosnells to Maddington,Gosnells to Maddington,Main 19.300 to 19.000km Up Main,,40km/h,6th November 2019,Rail defects,6th November 2019,6111b91b0a15a419622ccec49b770a1add059813aba232c1b099e2f13a551bdd
169,2019-09-21,2019-10-05,3,Bassendean to Success Hill,Bassendean to Success Hill,9.200km to 9.040km,,60km/h,,Rail defects,TBA,26b1f90f1d61c3add2d7f0d6a5227472b5683254e3ead4674545c28d0307c8f6
170,2019-09-21,2019-10-05,3,Maddington to Gosnells,Maddington to Gosnells,18.010 to 18.170km Down,,60km/h,,Rail defect,16th September,a1a447dd2f1ab4e9824bfd46648ef607995d87a7958d9f03b22089a40648d3d6
171,2019-09-21,2019-10-05,3,Gosnells to Maddington,Gosnells to Maddington,Main 19.300 to 19.000km Up Main,,40km/h,,Rail defects,2019 6th November 2019,0bedfe46299d72208bc8ed625a8e02a4de03aa512d7962177f7d9fde8d909c57
188,2019-10-26,2019-10-26,1,Thornlie Line,Thornlie Line,1.661km Up Main (Thornlie Line) to 12.760km Up Main (Armadale Line),,20km/h,3rd November 2019,Rail defects,3rd November 2019,e48b80cffc5248c24b8b51e95c148cd3cfe715eb018392218d431490d449c5ac
191,2019-11-02,2019-11-09,2,Fremantle - Robbs Jetty,Fremantle - Robbs Jetty,Section,,30km/h,2011,Pedestrian Crossing Review,TBA,5a90928093ef78f602d245b607907a87a986d77231b324d82281f71468738d57
192,2019-11-02,2019-11-09,2,Thornlie Line,Thornlie Line,1.661km Up Main (Thornlie Line) to 12.760km Up Main (Armadale Line),,20km/h,14th October 2019,Rail defects,3rd November 2019,f3050a45721b3bf350baf863b5e464b18385834d30bf3420d85881c607f65283
193,2019-11-02,2019-11-09,2,Whitfords,Whitfords,19.150 to 20.150km Down,,60km/h,25th October 2019,Rail defects,TBA,4f2862b9853d46045e7ce20766fc7d04037530fe51c554753f9d987c3814959d
194,2019-11-02,2019-11-09,2,Gosnells to Maddington,Gosnells to Maddington,Main 19.300 to 19.000km Up Main,,40km/h,10th July 2019,Rail defects,6th November,c1ff886705709c53d0afd1b101337a78a8e3641d5fde350a6e788c3d9a9629b8
195,2019-11-02,2019-11-09,2,Kelmscott to Challis,Kelmscott to Challis,25.975 to 26.140km Up Main,,40km/h,10th July 2019,Rail defects,2019 6th December,c5eacbf9d15ae7ac1491ed94d9e66490a670ab13037c2a24a359ac7a28080e3c
202,2019-11-16,2019-12-14,6,Leederville to Glendalough,Leederville to Glendalough,2.670km to 2.830km Down Main,,60km/h,5th November 2019,Track condition,2nd December 2019,64bedee956896f52f72190ac516507e6c0149eadf5b685f497cdb2eb88f40927
203,2019-11-16,2019-12-14,6,Kelmscott to Challis,Kelmscott to Challis,25.975km to 26.14km to Down Main,,40km/h,10th July 2019,Rail defects,6th December 2019,84a286840bcc7329c17b1694a9d6f68e41bee3af603313004e47492b3cf0aa46
204,2019-11-16,2020-01-04,9,Whitfords,Whitfords,19.150 to 20.150km Down Main,,60km/h,25th October 2019,Rail defects,24th December 2019,dcaf595877e51207d34285abfa5823577c2a03586bb110e772bce804695c4d2d
205,2019-11-16,2020-02-22,16,Oats St,Oats St,7.020km to 6.785km Up Main,,40km/h,1st November 2019,Track geometry,20th February 2020,08c566bc149cdc4d798605ee03e173ff46cca52fad253573c5d60d8c66b7ce92
224,2019-12-07,2019-12-14,2,Showgrounds,Showgrounds,10.558km to 10.575km Up Main,,40km/h,15th November,Heat buckle / Rail Stress,2nd December 2019,8671bffc652625d1e45d894a22fd06bd7599a454d0cfcab1ee86715d86cf23aa
236,2019-12-21,2019-12-21,1,Perth,Perth,19.150 to 20.150km Up Main,,20km/h,3rd December 2019,Track defects,8th December 2019,61b2b69991fa106529485e56757546c4abaf6677748751bd13e29639d98547f3
245,2020-01-11,2020-02-22,7,Whitfords,Whitfords,19.910 to 20.150km Down Main,,60km/h,21st December 2019,Rail defects,24th February 2020,fdab89fcc2d13038a05a756815437e9c183d7ef9b5a4234de1d602341ecb836f
246,2020-01-11,2020-04-11,14,Kelmscott to Sherwood,Kelmscott to Sherwood,26.045km to 26.470km Down Main,,40km/h,21st December 2019,Rail defects,8th April 2020,467fbe03ad882df20d6b926cb5b552e1aae8ed220aa58ae57fd88ac37bebe72a
258,2020-02-01,2020-02-22,4,Warnbro to Rockingham,Warnbro to Rockingham,45.570km to 44.330km Up Main,,100km/h,17th January 2020,Rail wear/ flanging,TBA,e46e96742d3de233a6ca5e6256f68fe9e2938fedad1869acd246c2954ccca18f
259,2020-02-01,2020-08-01,26,Mundijong to Byford,Mundijong to Byford,40.874km to 40.747km Up Direction,,60km/h,13th January 2020,Signalling Issues,TBA,5032d00b52a36efe532c25c8a1b879a2af1b12c7bb4b7250d24afaa2e33ef235
272,2020-02-15,2020-04-18,10,Glen Iris to Cockburn,Glen Iris to Cockburn,19.500km to 20.150km Up & Down Mains,,80km/h,05th February 2020,Rail Defects,17th April 2020,7ac4409fef19a950ca0d3a3696744f59dec26d1ae2a670c36ecc3194d759fefd
273,2020-02-15,2020-08-01,24,Kwinana to Wellard,Kwinana to Wellard,34.900km to 35.600km Down Main,,80km/h,30th January 2020,Rail Defects,3rd August 2020,6c2fe68b371575cbb0ff90ca72193bef43a8cef5f248f6593b8a57c2ca45c8a3
282,2020-02-22,2020-04-04,7,Bassendean,Bassendean,8.214km to 8.114km Up Main,,80km/h,10th February 2020,Internal Rail Defects,TBA,be84afcd95e9528e53f962558b04977cf961a6debedb9980efb6efc5637a3b01
285,2020-02-29,2020-02-29,1,Whitfords,Whitfords,20.150km to 19.150km Up Main,,80km/h,14th February 2020,Rail Defects,TBA,e9fe3f502a3fbc186bab6d29ac76aee17e411c3ddb42628e3f135669660b6882
286,2020-02-29,2020-02-29,1,Whitfords,Whitfords,19.910 to 20.150km Down Main,,60km/h,14th February 2020,Rail defects,TBA,71a87d18b61b0ade9ec11e8b224bdff0100151b32dd3518864bb570b1b487f96
287,2020-02-29,2020-04-04,5,Warnbro to Rockingham,Warnbro to Rockingham,45.570km to 44.330km Up Main,,40km/h,29th January 2020,Rail wear/ flanging,13th June 2020,33b7ae27a0f073655e027580c7ad624dbdc350eb42037cfd4ecb9e39373cab3d
300,2020-03-07,2020-08-01,21,Whitfords,Whitfords,19.150 to 20.150km Down Main,,40km/h,26th February 2020,Turnout defects & turnout design issues,30th July 2020 (Raise to 80km/h),d656249a6a6e075078acc573791bb1f2d0080755222514b6eb8e3869372ad72a
301,2020-03-07,2020-08-01,21,Whitfords,Whitfords,20.150km to 19.150km Up Main,,40km/h,27th February 2020,Turnout defects & turnout design issues,30th July 2020 (Raise to 80km/h),00062ff11a0eae4d1aa66b7cdc0908d53985221a16259ba25244f4cf4ef94dcc
302,2020-03-07,2020-04-18,7,Joondalup to Edgewater,Joondalup to Edgewater,26.000km to 24.700km Up Main,,80km/h,17th February,Track defects,15th April 2020,ebeff2a015d1235dc61c8278107d49ff04d5bdf3277aacf960a1d698ccae44cc
326,2020-03-28,2020-03-28,1,Warnbro to Rockingham,Warnbro to Rockingham,45.150km to 44.800km Up Main,,40km/h,29th January 2020,Rail wear/ flanging,13th June 2020,3b1e19bcd08b6d2a1a7263a3f5237876f2f610ab05ad7f6e505460d5916521b1
333,2020-03-28,2020-04-25,5,Joondalup,Joondalup,25.800km to 26.000km Down Main,,80km/h,17th February,Track defects,26th May 2020,29b90f6727a7cf7b7530e3ae52b7ff0aee99fb838ffb7f7b0986f0dd83b85d6c
348,2020-04-11,2020-06-27,12,Warnbro to Rockingham,Warnbro to Rockingham,45.1500km to 44.800km Up Main,,40km/h,29th January 2020,Rail wear/ flanging,13th June 2020,d073ceb91a8daa90724126156fc24876f3f85cf34703fe141d58feaf56ee56cc
355,2020-04-11,2020-05-02,4,Leederville,Leederville,1.910km to 2.030km Down Main,,40km/h,23rd March 2020,Rail Defect,29th April,a0d7d19625beae33b9e3cd6a756edc2074569cf20c4a4503a8dad954281b854d
366,2020-04-18,2020-04-18,1,Fremantle Bridge,Fremantle Bridge,19.751km to 19.920km Up Main,,20km/h,24th March 2020,Track Stress,24th April 2020,fefc6a250bb11d81561f6c706f01c6b133e6f19dc776e6f87035d0a303d970eb
375,2020-04-25,2020-04-25,1,Bassendean,Bassendean,7.900km to 8.150km Down Main,,80km/h,27th March,Turnouts,TBA,1237f25757b27cd616e07733d78e02d5cc69292ca3182cc53c225f192fee7200
376,2020-04-25,2020-04-25,1,Bassendean,Bassendean,8.200km to 8.100km Up Main,,80km/h,05th April,Turnouts,TBA,956e69eab0793c6b4e4c89adcdb5ded01c58b500ec7e6be3a0419aa431c1dd2e
384,2020-05-02,2020-08-01,13,Bassendean,Bassendean,7.900km to 8.150km Down Main,,80km/h,27th March 2020,Turnout defects & turnout design issues,TBA,ac3f4bb2530fc3021698c98992291fa4b3df06bec3c572b29752409135baff3a
385,2020-05-02,2020-08-01,13,Bassendean,Bassendean,8.200km to 8.100km Up Main,,80km/h,05th April 2020,Turnout design issues,TBA,b1acbeaf8d6aa65f64c0578342d157ec0e754d03984814f13b3c82a3a8ca6dd7
386,2020-05-02,2020-08-01,13,Joondalup,Joondalup,25.848km to 25.960km Down Main,,80km/h,21st April 2020,Turnout design issues,TBA,6bf3062ea697fe5d6e990cc13b37d0044efe93e3a29540d4d9b694787e7ca0f5
387,2020-05-02,2020-08-01,13,Joondalup,Joondalup,25.960km to 25.848km Up Main,,80km/h,21st April 2020,Turnout design issues,TBA,559c333b59283b441fb0b3af63d1eed54ac265d619772f3f37c34c1ff751ab76
458,2020-06-20,2020-08-01,6,Rockingham,Rockingham,43.060km to 42.650km Up Main,,40km/h,9th June 2020,Rail Defects,21st August 2020,b54312255941703329b2986c1b560e0fd21d6ee085c07a8a49e7d15bd824f547
480,2020-07-11,2020-08-01,4,Cockburn,Cockburn,19.550km to 21.210km Down Main,,80km/h,12th June 2020,1114A pts multiple rail defects,6th August 2020,0820614f1282910f6f962d2980822accc956aa01a8559dd236d68d67e5b9c435
1,2020-08-08,2022-10-01,89,,,,,,Sept 2011,Indefinite,,48576e7ab321d4635c4e972a28499c5d0e311e1e2ade561f6f2dfe9d9c1df03d
515,2020-08-08,2020-11-28,16,,,,,,13 January 2020,Indefinite,,b8a69c31573118fb97b16af43542000945ec090ae310eaa22034f7ebbe2feae1
516,2020-08-08,2020-08-08,1,,,,,,30 January 2020,Rail Defects,,c4ea29fa6532445d4ebd8632a5b972e5a56e6e8145024f49124581be3317ddbc
517,2020-08-08,2020-08-08,1,,,,,,26 February 2020,Turnout defects & turnout design issues,,7e925bb6e165899022c192d3825b86264b8abb8f4e8e6a2705fbfd0581bbea95
518,2020-08-08,2020-08-08,1,,,,,,27 February 2020,Turnout defects & turnout design issues,,095a353e27f57dea0319c9e0161b1c89418e8c457038981c3c0c7f3d3bff9aa5
519,2020-08-08,2021-02-27,27,,,,,,27 Mar 2020,Indefinite,,f67e126da411348a148e36a4dda8e3ae8f38a89f09b71469a29ab4be8c68dfeb
520,2020-08-08,2020-12-12,18,,,,,,05 April 2020,Indefinite,,c5761bdb88f6c651cbe44a2de314f276de54d5c568d024b12404a8d87dd73459
521,2020-08-08,2021-02-27,45,,,,,,21 April 2020,Indefinite,,76e0b499a94fb5438294c6efe08dee476f461b25d74e9913a149b3c7373a4912
523,2020-08-08,2020-09-05,5,,,,,,9 June 2020,Rail Defects,,98c3726b84e0deb543cb346d26adac29a7f86385a4ef0977078e4db35801db6e
524,2020-08-08,2020-08-22,3,,,,,,12 June 2020,1114A pts multiple rail defects,,0535326e8819571e8ca708f93c8e9eb449c29bf23fb17a1b7453c5bf5d7aeda6
525,2020-08-08,2020-09-12,6,,,,,,15 June 2020,Gauge Corner Cracking,,9ed2b93ed8a919405d88404a930b3a98c219645b77ef981cc58fb8687bda3196
526,2020-08-08,2021-02-27,27,,,,,,25 Jun 2020,05 Mar 21,,f5d4b327e12bcc96771d459e17dfb79b17b52244bda6c631d259ddfa8d405f0e
527,2020-08-08,2020-08-08,1,,,,,,2 July 2020,GCC,,e79267a813435773aaa5081ff53fc4edde554ec1c61d041a3102432a01f63430
528,2020-08-08,2020-12-12,18,,,,,,6 July 2020,Turnout defects,,c8f23e4b9aac2d3e3ffee8b474b9338d1d6b29fd91b4a527b748512260a48e1a
529,2020-08-08,2020-10-03,9,,,,,,8 July 2020,Track Defects,,7075fc3a8879da8d06c3653f1c1d9a03b477b7853b0f816340dc884dcbb218ba
530,2020-08-08,2021-02-27,27,,,,,,27 July 2020,Indefinite,,0a0a25c6bebcb98fcaaea0afdc2360acb450418f015943a24795c715ef1ba0ff
544,2020-08-15,2021-02-27,43,,,,,,01 Aug 2020,Indefinite,,76aa5a33302c8c963c5b554b00010836000e61b994a7b099d1a4d68813b87b1a
602,2020-09-12,2020-09-19,2,,,,,,29 August 2020,Indefinite,,c5a2890abadf036dca616755607ee7697384c6c3d993640573fc101ce1045405
2,2020-12-05,2026-06-28,5064,,,,,,,25-03-171,,be5be69f55e91af25e54ecc2154d4da359b67b3b27e25f5cc0b3ff54eb74dff3
718,2020-12-05,2020-12-12,2,,,40.874km to,,,13 January 2020,Indefinite,,e55e7dbdc7b353a41ded5a6d5d9f040fe089dd20854006e784c81e782a1280ee
719,2020-12-05,2020-12-12,2,,,40.747km Up,,,,40.747km Up,,778785ff56507e7d8153809da185e737bf277d251f6c4440817545e19c7f071d
720,2020-12-05,2020-12-12,2,,,Direction,,,,Direction,,4572ab99d4da4be91829c9a97f3708b6cad6043953fba33df669f95f1e2793ca
748,2020-12-19,2021-02-27,9,,,40.874km to 40.747km,,,13 Jan 2020,Indefinite,,fc785dcd63da95405e37887f2503dfb6bf486cdc7e021a6d643676c118318455
749,2020-12-19,2021-08-14,26,,,Up Direction,,,,Up Direction,,78c501ca735dd5b547b09a0054333c41a18e2fb7ec63005641c19cd43a20a7d2
751,2020-12-19,2021-02-27,9,,,8.200km to 8.100km,,,05 April 2020,Indefinite,,cc0d4c86ee00c3236cef29dad03429c44c2ce15473a282548e3d89e72c874868
752,2020-12-19,2021-08-14,72,,,Up Main,,,,issues,,adf0891fa4a7ac91800138962211510c014db3f08034c1c322741112b58d691e
754,2020-12-19,2021-02-27,9,,,25.960km to 25.848km,,,21 April 2020,Indefinite,,f2927341cd1f13c812a0bc257c8f024e437f88dba5e7a4d558c687c9899db33a
757,2020-12-19,2021-02-27,9,,,18.800 to 18.920km,,,6 July 2020,26 Feb 21,,284e7466fa842fcace3e95e00e482c4faff9befd42e19f14ca1daf4fd3fbf11d
758,2020-12-19,2021-08-14,38,,,Down Main,,,,design issues,,a3d28331d84af5f3e73d80dde2912c99af4fe1317cc2c2fe273e6b1dc69af9fd
764,2020-12-19,2021-01-16,3,,,18.100km to 18.250km,,,8 Dec 2020,Indefinite,,38e56f585295210a64ae80fa588112edf9301dbb42ddf3cdf6888b95f9768a01
766,2020-12-19,2021-01-30,6,,,,,,10 Dec 2020,29 Jan 21,,d5e4c73734a35c5a0b5afca8e1dcb370093b55c7d7a0bcfa652ee3974b661895
788,2020-12-26,2021-01-30,4,,,19.900km to 20.100km,,,10 Dec 2020,29 Jan 21,,081a143b4c007fc2403096afb8bbe9601b16cad800eb321faa9b97fd855ca218
790,2020-12-26,2021-01-16,4,,,24.030km to 24.930km,,,15 Dec 2020,TBC,,bdd607ddb080a948f5554fac4fd9213e0084b1c18ae7a790f6162a500dd7c7aa
840,2021-01-23,2021-02-27,6,,,0.990km to 1.150km,,,18 Dec 2020,10 April 21,,07408038c07db75a7dfd701e085597e530e5e2eec612266923c0a0f9a2cb13fc
842,2021-01-23,2021-02-27,5,,,0.875km to 1.650km,,,23 Dec 2020,16 April 21,,8a99d0e50b55719320e4ad673217f523acdae39d230c83de99e832f7ffec8b2e
844,2021-01-23,2021-01-30,2,,,2.300km to 2.350km,,,23 Dec 2020,29 Jan 21,,e85d658b3c32528b0c90df3c100eadc7eb86cdff22c94fca162002ec921d58d0
846,2021-01-23,2021-02-06,3,,,,,,31 Dec 2020,28 May 21,,0a241cc302ed1dc7dad13cec43a98ea54522ecc8b43ff496e30f0fa0f4a238c8
893,2021-02-06,2021-02-06,1,,,,,,23 Dec 2020,16 April 21,,7d6320d7ad83cdd32744855237b2596ce188696b3b3512bbc5002aed9cfe8bc4
918,2021-02-13,2021-02-27,3,,,0.850km to 0.950km,,,31 Dec 2020,28 May 21,,5c232264cb0514f3c88f567b356c90d62f191ec9e0e71434614e1da11bf4f134
970,2021-04-06,2021-08-14,17,,,40.874km to 40.747km,,,,Indefinite,,bd7cea1ce55ccae66f81a0116f2d0b3393dca7c287b7ff125c49a611cba04028
973,2021-04-06,2021-07-24,16,,,8.200km to 8.100km,,,,Indefinite,,26aa28ee8109f18d39073a0b0c977133f0c870e6ac033fd00bb7122ce3c741e1
976,2021-04-06,2021-08-14,17,,,25.960km to 25.848km,,,,Indefinite,,84e2846342176dabb8fd20383430df02acc3a3a717b21e7348fac11b42fa655c
979,2021-04-06,2021-04-17,3,,,0.800 to 1.300km,,,,Indefinite,,241d053e0b933d4d59a4945ae2d448a92344dadf748cf99ff01646ba969a5ed9
982,2021-04-06,2021-04-17,3,,,20.150km to 19.150km,,,,Indefinite,,c164c2a038e5ccab4304bb997e38f54bf2f64eb2e79cf99efa5b591f4e37afe4
985,2021-04-06,2021-05-08,4,,,0.875km to 1.650km,,,,28 May 21,,d7f3f1eb6aa721f59481e8b21e304e1dcd730f5c2ac295fe8782a045d999637e
988,2021-04-06,2021-04-17,3,,,9.580km Fremantle Up,,,,TBC,,4348a0efd5d7fa2f6f76559f28e75833cdd824ab6df21fbc16aa2328bb75a19c
989,2021-04-06,2021-08-14,5,,,Main,,,,issues,,40172ef2f49ac2bbb550cd9ecb0d7735a5c9243d3dc6d7995827f6f5e2e5d8f8
991,2021-04-06,2021-05-08,6,,,10.890km to 12.503km,,,,TBC,,fa8b67a7a1ae69c8df8402b60e1ec300cc269f3a90b8455dd982156dfe1dc200
992,2021-04-06,2021-04-17,3,,,Fremantle Down Main,,,,Works,,167b0e3a586a95bb42d0e29836c74f55bb1dd3d5bace02c8d275d2ff2c519093
993,2021-04-06,2021-05-01,8,,,24.700km to 25.140km,,,,TBC,,5c9fbdde52d817d267edc343bfe73035ff21abb724a822862e326edeb66fe669
994,2021-04-06,2021-07-03,13,,,Armadale Up Main,,,,Works,,d01805fde2d28ed08d3626a22d72556a763aff6948f7a7336b4eaaf0b6ed3c07
996,2021-04-06,2021-05-08,4,,,Armadale Down Main,,,,Armadale Down Main,,31abde40de849253b598db78d12a5833c7fdb6eb0ebdd37c15f5a4a84444c8bd
1063,2021-04-24,2021-08-14,14,,,19.150 to 20.150km,,,,Indefinite,,fd8af43378420ad7c52a5f3dfff147fd971135db25bcebf9dd870fda372459ed
1066,2021-04-24,2021-08-14,14,,,0.850km to 0.950km,,,,13 Aug 21,,7102f9e21e81b4bba60a7c6ec10e20be125cd2449c87892cbb4c32bc4cd7415c
1067,2021-04-24,2021-08-14,17,,,Fremantle Up Main,,,,Fremantle Up Main,,bc664575a6d625df71db3748a0c2bf44f11f563e21a4fd07995ad89978366e96
1118,2021-05-08,2021-07-03,8,,,24.560km to 25.140km,,,,30 June 21,,97e33b0e16d64da5efc9b99bc79b79368478a5c154ba0f3d1117349c3da9e421
1134,2021-05-15,2021-07-03,7,,,0.990km to 1.150km,,,,02 Jul 21,,6f9dda2b5212889fe02a07966589cb878d45e0045830729aaffd17af3a4f508e
1135,2021-05-15,2021-07-03,7,,,City Down Main,,,,City Down Main,,f68028c22fd714ca6acaa282d0b9c0edaf50ee5f4aa4035e2471feb8266c1892
1143,2021-05-15,2021-08-14,11,,,36.734km to 36.834km,,,,TBC,,afad90394a525798346abc85f96f80297a14af2032fdd1b113a0424fa750a511
1144,2021-05-15,2021-08-14,11,,,Armadale Bi-di Line,,,,Works,,383e7779bc837d1859e0ca4d6068ead063931cdab601507315977193206dec66
1308,2021-07-10,2021-07-17,2,,,21.270km to 21.170km,,,,TBC,,0fa770f698ee189af1604e259303b875e1f259abc58c442d838b558409e16a15
1309,2021-07-10,2021-07-17,2,,,Mandurah Up Main,,,,Defect,,59876bd1fd9b6c4eb0d5f144e16e06e64da83535e9d0d1f016932b781a041de4
1352,2021-07-24,2021-08-14,2,,,2.350km to 2.500km,,,,09 Aug 21,,34095c30c9e161d1a199968182e1e185961af8ab7abd0cdc36148cbe3d530e85
1353,2021-07-24,2021-08-14,2,,,Thornlie Bi-directional,,,,Defect,,eb5e96ea40f9df038a154774ea5dd41a04c68a6e96ac1cec34bf7d394ed61a41
1355,2021-07-24,2021-08-14,2,,,8.400km to 8.200km,,,,30 Aug 21,,bf74f54fe6c79ec7832171c01448e1956b243738b795ea9473fd9922848a3dea
1356,2021-07-24,2021-08-14,2,,,Armadale Line Up Main,,,,Defect,,85a408313bc728e2ddb8e5e27a0f2e442a3a4f1a0e25dd66e9e027bc6046be5a
1358,2021-07-24,2021-07-24,1,,,13.389km to 13.489km,,,,28 Jul 21,,d434ed47e52ef46562ca9c64a1dd62714cbb9ed633cbd4b230d51b1cd34d327f
1359,2021-07-24,2021-07-24,1,,,Midland Line Down,,,,Midland Line Down,,a66ac07c42cb601f1dc6e7f3d1418d6ef9e8fcf8f7975d6329b42e1234406133
1362,2021-07-24,2021-08-14,2,,,10.250km to 10.350km,,,,TBC,,110fa1691fd603d87b0960876497e4614d12f281876ad10e9dd01e1acb1f6cbc
1363,2021-07-24,2021-08-14,2,,,Midland Down Main,,,,Midland Down Main,,62f5d356188642dcb2714c30939ba8db8c0c2ebce818529600572168060ff828
1434,2021-08-14,2021-08-14,1,,,8.200km to 8.100km Up,,,,Indefinite,,d6360ecdab96579fb121a97f8beb61d13acdb10ffc7064f7792a61c98bcc79fe
1736,2021-11-06,2021-11-27,4,,,,,,30/07/2021,12 Nov 21,,32c1314ae0371fb56a63af74055103fe9e8710adf95b9269347aa6a17aab54bd
2153,2022-04-09,2022-04-09,1,FTMBI,FTMBI,21.012km to 26.000km B- Directional,,,Sept 2011,Pedestrian Crossing Review,Indefinite,36a690bd220b8cae445a4ace52af987f27cfe9573dc7df3fffc8c2dedc6a6f86
2154,2022-04-09,2022-04-09,1,,,,,,27 Mar 20,Indefinite,Indefinite,9ebb704b4702ac5e5832f47fa7c394f4a9685aa53179fd3d58f63140a9e91d5f
2156,2022-04-09,2022-04-09,1,MTMUP,MTMUP,8.200km to 8.100km Up Main,,,05 April 20,Turnout design issues,Indefinite,618eea636527da309cf0d751f8f083ec0906d3747781c7808e5354993990c6c1
2159,2022-04-09,2022-04-09,1,JTMDN,JTMDN,25.960km to 25.848km Down Main,,,21 April 20,Turnout design issues,Indefinite,fe56c6e040161ca00c2c073b74d667795b269e3fe17015a85d75ea1fc05c7e63
2160,2022-04-09,2022-04-09,1,,,,,,15 Feb 21,Indefinite,Indefinite,448674406bbb2cb9a620a69113484f0492d1b47281fbf9059b348097dcc63d3c
2162,2022-04-09,2022-04-09,1,JTMDN 19.150 to,JTMDN 19.150 to,20.150km Down Main,,,01 Aug 20,Turnout defects & design issues,Indefinite,5fb730d3450b33ad09a379c72e192f26a306f0c60a4803f60c0a38e11b6a6e60
2165,2022-04-09,2022-04-09,1,MTMDN 0.800 to,MTMDN 0.800 to,1.300km Down Main,,,27 July 20,Noise Mitigation,Indefinite,34d6785d3a1aba4a2131a6a71795d99ba1647e89ae70d222fc0cc1a74b6c338e
2168,2022-04-09,2022-04-09,1,ATMBI,ATMBI,40.747km to 40.874km Bi-Directional,,,05 Aug 21,Signalling,Indefinite,c0bd7abfb87c363bc06db38d9a520dec8671a6edc42fc7f2a0a0d7638aec148f
2169,2022-04-09,2022-04-09,1,,,,,,31 Dec 20,Track Geometry,TBC,f66a13272d0e94ce502298dc27660992a1006f5eda08621360c949438af4b35d
2171,2022-04-09,2022-04-09,1,ATMBI,ATMBI,36.734km to 36.834km Bi-Directional,,,27 Apr 21,Track Project Works,TBC,1f768550ba466064e60f9d6388c7a888560257297eb23faf2b5979d484cd9e25
2172,2022-04-09,2022-04-09,1,ATMUP,ATMUP,16.820km to 17.000km Up Main,,,29 Oct 21,Track Geometry,TBC,5032609efbc56db646e6e9d54ff789f03ca305ff888dedeafa46ac54a85ec042
2173,2022-04-09,2022-04-09,1,FTMUP,FTMUP,3.600km to 3.760km Up Main,,,07 Dec 21,TBC,TBC,43c3838f49c80d7fbcc269d3663c98bd7d3714ff0a699d2ec5c816bfcd0ccd59
2175,2022-04-09,2022-04-09,1,MTMDN,MTMDN,11.930km to 12.315km Down Main,,,18 Dec 21,Track Geometry design non- compliance,TBC,83c8e0863e531f922547201b499a9de9b6e297ca7d588864ec4c41928f905628
2176,2022-04-09,2022-04-09,1,,,,,,23 Dec 21,Track Defects,07 June 2022,a501358b770b4fa2220024f767048380cda9cafcd07bd859c9eebd3fee4ed75d
2196,2022-04-16,2022-04-16,1,,,,,,08 April 2022,Track Project Works,,d74b8bd1f5435cdcfb6d68ea58eadbfda15a9762a8e482d2194d55f2d38fcd83
2200,2022-04-16,2022-06-04,6,,,,,,07 June 2022,Track Defects,,e6b6e5d8ca50f44d7e520c51c5331307f03b123abd3278125f0eb9fa51386eed
2623,2022-10-08,2022-12-17,10,,,,,,1/10/2022,Rail Internal Defect,,e0650ef9afa7e9157bda48ce849a539dfc4677b5794fc363e4f2bcd443813cbc
3447,2023-06-25,2023-11-05,20,FTMBI,FTMBI,21.012km to 26.000km,,,,Pedestrian Crossing Issue,,255f4e2809cd64b5cd1fe59d436fc50899882859aa3778f6c7c864dfa55f5dc5
3448,2023-06-25,2023-11-05,20,MTMDN,MTMDN,7.900km to 8.150km,,,,Turnout,,813064316c30fc12149c75e9273c5dacb2796288624a6aa6965948a455efdb4b
3449,2023-06-25,2023-11-05,20,JTMUP,JTMUP,25.848km to 25.960km,,,,Turnout,,f3997cf02af136130f72f1016e06750b9832f38e5ed4667a937be7b30ad9ddc9
3450,2023-06-25,2023-11-05,20,JTMDN,JTMDN,19.1500km to 20.1500km,,,,Turnout,,6a8263dc97b77df75c804827b48aae4b89da9ff3f96af491d3241347278933d0
3451,2023-06-25,2023-11-05,20,FTMUP,FTMUP,9.5800KM to 9.5800km,,,,Pedestrian Crossing Issue,,17b1d3dcb828c598157fdfbc764fc83c1e509f8ff713ac988a5d1c939babb068
3452,2023-06-25,2023-11-05,20,ATMBI,ATMBI,40.7470km to 40.8740km,,,,Signals,,7ba51d8d78d20712d83ab8b4856f5b6bb7203268e6af7cab2db28e8d276a004a
3453,2023-06-25,2023-11-05,20,JTMUP,JTMUP,19.1500KM to 20.1500km,,,,Turnout,,fb2f456a2edd68e8769471c404e29ea2d2b2d7b457bfce1acb9723da3f261b6d
3454,2023-06-25,2023-08-04,7,MTMDN,MTMDN,0.8000km to 1.3000km,,,,Noise Mitigation,,5f59dcb4ca529fd78ed3590625243d0b9678adf9012ae85818ee7f7df9101dab
3455,2023-06-25,2023-11-05,20,MTMUP,MTMUP,0.7170km to 1.6250km,,,,Noise Mitigation,,1a7652b23e8acd7a24aef9e284062eae15584b7cd5dee2d991c77a5a01bcfe7e
3456,2023-06-25,2023-10-29,19,ATMUP,ATMUP,16.8200km to 17.0000km,,,,Track Geometry,,92ebae2d98ac02391d45638ab2e56e5e7727bf66e7a64649b89c1aa12f2ddf28
3457,2023-06-25,2023-11-05,20,MTMUP,MTMUP,8.1000km to 8.2000km,,,,Turnout,,4912bdf18721c0cd9f81e180ab0b8e22d4d17aaac31af7062331a25e0f4a58c1
3458,2023-06-25,2023-11-05,20,ATMUP,ATMUP,19.2940km to 19.5070km,,,,Miscellaneous,,a3f9c15c15545fc36714a760b19cdccf073a307f5f6134e7d7cdc4c6bb262ea9
3459,2023-06-25,2023-10-22,18,FTMUP,FTMUP,6.9500km to 7.1700,,,,Structural Integrity,,e29ae7c2c7fcd0b8e0ba3ddbd4233f95f9aa6511cb45e17f872b1f0ef97c457f
3460,2023-06-25,2023-11-05,20,FTMDN,FTMDN,6.9500km to 7.1700km,,,,Structural Integrity,,0a35f5f7fffad59b1d80626f8ab122439e18eda7f778be512b30e79b50c095b3
3461,2023-06-25,2023-10-01,15,ATMDN,ATMDN,23.0500km to 23.4000km,,,,Rail Surface Defect,,6f3416e97dd51c004503aa98cb52ba73b016c3a7a55446bc06e35fb720111dcd
3462,2023-06-25,2023-11-05,20,JTMDN,JTMDN,32.6200km to 32.7500km,,,,Points Fault,,36bbb401306ac4f60b025d744934e5e8c86a09a259468cdbff83a153254ebbe3
3463,2023-06-25,2023-11-05,20,FTMUP,FTMUP,0.1600km to 0.6700km,,,,Structural Integrity,,4d31084484de7b464b199522a81f601c2146fe721c9c2eff0a99eb98fad02fbc
3464,2023-06-25,2023-11-05,20,MTMDN,MTMDN,11.9300km to 12.3150km,,,,Track Geometry,,829f88b648de5fa005ccda77914cc5a6ec6e2b94f57b96bcac1f018921e6e2cf
3465,2023-06-25,2023-10-01,15,MTMUP,MTMUP,12.0000km TO 12.1000km,,,,Track Geometry,,0149a8a748930b6392dced978fcb4dcfe669a2cc8b03dc56a3871e35ee73899f
3466,2023-06-25,2023-10-01,15,MTMDN,MTMDN,3.5000km TO 5.1000km,,,,Track Geometry,,5bd38f079b55b47e1ffcf2b1bdb5a6145dcf6930390edf6ec357ff6bfac8f780
3467,2023-06-25,2023-10-15,17,MTMUP,MTMUP,3.5000km TO 5.1000km,,,,Track Geometry,,13686f73bccd04aca7138952d459cb9e33a5334a9f1f8e9421c2e3f7c4601b9f
3468,2023-06-25,2023-06-25,1,T-BIDI,T-BIDI,0.6600km to 1.4750km,,,,Rail Internal Defect,,c4f545ec71acd5b4ca35e945ce5749d10c059424d594400dd0d708639ae75efe
3491,2023-07-02,2023-11-05,19,RTMDN,RTMDN,20.7700km to 21.2550km,,,,Track Geometry,,df9c6d0cd6889bd571b06ceb46fcb39f40e83773c87f9dcf59a2b485ac46f009
3629,2023-08-11,2023-08-25,3,FTMUP,FTMUP,4.9400km to 5.6410km,,,,Signals,,076d220132713ec7b1fc62a517676d4627aafae5acd5da8157bca5a2ae59e18e
3698,2023-09-03,2023-10-15,7,MDMDN,MDMDN,0.6600km to 1.3000km,,,,Track Geometry,,98a8bd007f126e746c7e08ea78011859c4816a8bc849cfe955abae8a0e441ac5
3831,2023-10-15,2023-10-15,1,CPUM,CPUM,1.5000km TO 1.7000km,,,,Track Geometry,,cf5298415dd1b157c264f3fec6aba491bc5c11e8ca7fde1475f01bc8f86b6315
3850,2023-10-22,2023-11-05,3,MTMDN,MTMDN,9.5600km to 9.6800km,,,,Track Geometry,,4c4dc2eb76ac21e4a788dbe4eab975165849953ece79d9c79f60a8af887091ed
3851,2023-10-22,2023-11-05,3,ATMUP,ATMUP,9.8800km to 10.1900km,,,,Ballast / Formation,,3c8ceca8664362c35176fe2c0633c1db9486f102f181d4f0d551721324603940
3852,2023-10-22,2023-11-05,3,FTMUP,FTMUP,1.4500km to 1.9300km,,,,Points Fault,,482f46b61cf44f9af1460172fb7396297809df050bf3e83cc4c89d3aa67973dd
3853,2023-10-22,2023-11-05,3,MTMDN,MTMDN,0.7400km to 1.3000km,,,,Track Geometry,,253790622c90865ee73265cb5af921c116943ba468244da4388e305b277ac6f5
3866,2023-10-29,2023-11-05,2,FTMUP,FTMUP,6.9500km to 7.1700km,,,,Structural Integrity,,bd0893453cb901eac4ce07e4a953b7e54ecd3709b5977d365e580c57fabe5af0
3872,2023-10-29,2023-11-05,2,CPDM,CPDM,0.8480km to 1.3320km,,,,Track Geometry,,3aaae7d0dd1c8a8231cdab9c0cd721d44393b8c6da691d43cf0dcc59230ec6cb
3886,2023-11-05,2023-11-05,1,ATMUP,ATMUP,16.8200km to 17.0000km,,,20/11/2023,Track Geometry,,d902257fb82f9dcd15018d34cc0b7bfec87ac04edd94c0c29bf04f4c56280e2b
3902,2023-11-12,2026-04-26,86,Beyond Service,Beyond Service,21.012km- 26.000km,,20km/h,,Pedestrian Crossing,,f59073b24ead6435272f3be60617721f6a665ac402691115af9b7b4afd873a29
3903,2023-11-12,2024-07-21,36,FTMUP,FTMUP,9.5800KM - 9.5800km,,,,Pedestrian Crossing Issue,,83c75fc2b1dc6d199f0e521bbc580ab963575d4242d0aeb04082bf37270dcefa
3905,2023-11-12,2024-07-21,21,FTMUP,FTMUP,6.9500km - 7.1700km,,,,Structural Integrity,,fa914c8ddeb995ca613d9591b2552beb2449bd1990c6e8b10b95fcd4b16e341e
3906,2023-11-12,2024-07-21,16,FTMDN,FTMDN,6.9500km - 7.1700km,,,,Structural Integrity,,ac84a16836b80c9e2ce9689c4156ee2516a9bc40e4522771277a36450d711cf1
3908,2023-11-12,2024-07-21,31,FTMUP,FTMUP,0.1600km - 0.6700km,,,,Structural Integrity,,3478076fee10931be9f3e18f1b7d07978d780559dc619b8b5ea4818de20d6ae6
3910,2023-11-12,2024-01-21,11,FTMUP,FTMUP,1.4500km - 1.9300km,,,,Points Fault,,c92c75ccbb90a11359cc92f246ae459768b8412cfee82815f5ac46b547ab58bd
3912,2023-11-12,2024-01-07,9,FTMBI,FTMBI,19.2200km - 19.4500km,,,,Track Geometry,,b8632c3d0559e0e0b9c3063d3e764d76f2f69fc2cdba02327ab6ca6edb40c0e9
3914,2023-11-12,2024-02-18,15,FTMUP,FTMUP,19.4800km - 20.0200km,,,01/02/2024,Track Geometry,,851c2fe1b996a12671cfbacd437887be551a3d08615a724105b7781e60e1e098
3916,2023-11-12,2026-04-26,81,MTMDN,MTMDN,7.900km - 8.150km,,80km/h,,Permanent TSR,,6c806efffdeab3c55b4b9a3aa5b3270103e15707d720d492bfee26e8c1672793
3918,2023-11-12,2024-07-21,36,MTMUP,MTMUP,0.7170km - 1.6250km,,,,Noise Mitigation,,b68d6e598b6078f93d845b7c1e3beeebcaa98d4971f775bffe94258f9dd93d47
3920,2023-11-12,2024-07-21,35,MTMUP,MTMUP,8.1000km - 8.2000km,,,,Turnout,,bcbb3ed15bcc38cdd5e209a102130adb97048b9fd9e9196aa4b05e81e081251d
3922,2023-11-12,2024-04-14,17,MTMDN,MTMDN,11.9300km - 12.3150km,,,,Track Geometry,,46b446bc30376eb416a9ca9986428091152cb2b9d5076a694a4c629c16088c6b
3924,2023-11-12,2024-01-28,12,MTMDN,MTMDN,9.5600km - 9.6800km,,,,Track Geometry,,d1f9debb57903a40462eae86d816a302700ed945ed77f12d1e6a014c103dccab
3926,2023-11-12,2023-11-26,3,MTMDN,MTMDN,0.7400km - 1.3000km,,,,Track Geometry,,d86b8ed807ecb27042eb106d159c7cab48ee5fcace01a000013c51f81e7d5b7f
3928,2023-11-12,2024-03-17,19,JTMUP,JTMUP,25.848km - 25.960km,,,,Turnout,,1e3eb47eb1cf0863b9ae904cab452502ea550ef895bcf45ab0f9447d791570ff
3930,2023-11-12,2024-07-21,36,JTMDN,JTMDN,19.1500km - 20.1500km,,,,Turnout,,d22f7cfda6b51a2d435415fa0e5cc39b4c63162b2ab3a89e697957cf3b3a9ecf
3932,2023-11-12,2024-07-21,36,JTMUP,JTMUP,19.1500km - 20.1500km,,,,Turnout,,3e941c8de020258c2e534ac6000ce039b00a1abb5c27b169c9f1c15d4a57f83e
3934,2023-11-12,2024-01-07,9,JTMDN,JTMDN,32.6200km - 32.7500km,,,,Points Fault,,d9f6553b4d90194ce424d8a686c3e52b772a38410e439d7f28b06f1cab53dfdc
3939,2023-11-12,2024-01-21,11,ATMUP,ATMUP,16.8200km - 17.0000km,,,20/11/2023,Track Geometry,,0c3f01c5892d49285d55619672b260b6cf1a2a3063bda2ac969255f6472e1b03
3941,2023-11-12,2024-05-05,17,ATMUP,ATMUP,19.2940km - 19.5070km,,,,RRP Scope Work,,f8e50f5e8e7d37be5193e16e3624787f7fa888fddca8d82e220ddf209b2e5e9b
3943,2023-11-12,2024-02-18,5,ATMUP,ATMUP,9.8800km - 10.1900km,,,,RRP Scope,,7873b9c37eb84a29fd54ee3613df34cafdffb897bcea91ae77e288ad2517f538
4056,2023-12-03,2024-07-21,15,FTMUP,FTMUP,14.8800km - 15.2780km,,,,TBD,,4d193f2e720b3dc34ccb1bc735b09bb1aeace697db1abf5b3a80ac46fe4e02fb
4068,2023-12-03,2024-07-21,33,MTMDN,MTMDN,0.6600km - 1.3000km,,,,Track Geometry,,ef1631aea9e11783f41a56c4d871da73f269e1bc867703ab399addaa41cf9ab4
4328,2024-01-14,2024-01-21,2,FTMUP & DM,FTMUP & DM,6.9500km - 7.1700km,,,,Points Fault,,22da168ea78d78847288d00c3fbbb1e11f6c768a16519f3834bee1d49336bec5
4331,2024-01-14,2024-01-14,1,FTMDM 319 / Subiaco,FTMDM 319 / Subiaco,,,,,Points Fault,,819a33a03e93187eedca0d8a20de4c3e03a16055e59d603f0cbcd89e1a394dd9
4332,2024-01-14,2024-01-14,1,FTMDM 225 / McIver,FTMDM 225 / McIver,,,,,Points Fault,,4a9adfd25588fe11d779b54d5528f934d1ffa09e80d48bc5f4b687d5c279d583
4334,2024-01-14,2024-01-14,1,FTMDM 225 / Claisebrook,FTMDM 225 / Claisebrook,,,,,Points Fault,,885cc08c328bb3670800a074a0a18d675ef3772f775132bcebef926e28ff7b75
4372,2024-01-21,2024-01-21,1,FTMDM,FTMDM,4.8900km - 5.3200km,,,,Points Fault,,203f802e1df7566bb84d78a31072847597ef072ae1860acccd579a67f528b608
4373,2024-01-21,2024-01-21,1,FTMDM,FTMDM,0.8480km - 1.3690km,,,,Points Fault,,1f48e22b8b914d4cd1df6c914a56afff0c35944111dc22ae11d27f7554fde03c
4375,2024-01-21,2024-01-21,1,FTMDM,FTMDM,18.4250km - 18.5970km,,,,Turnout,,ec7eb2d3da4e96fa19c8c96432afe8bf68dbed44994b474475fc891f6812e62d
4386,2024-01-21,2024-01-28,2,MTMDN,MTMDN,8.1000km - 8.2000km,,,,Turnout,,0a14f4b71db512c8ee5210bc3cf1b5d84af822bc0d9e11723c5e3ab6d25c399c
4409,2024-01-28,2024-02-18,4,FTMUP,FTMUP,1.4500km - 1.9300km,,,30/01/2024,Points Fault,,7ef82213e395c3fc57553e7991d1d417b12a280c54e9d97f3294a792c2f5facb
4413,2024-01-28,2024-02-04,2,FTMUP & DM,FTMUP & DM,6.9500km - 7.1700km,,,25/01/2024,Points Fault,,a20c7a9a96ff12d65593b5a33a4f84388bc00c71fce76a64045ed6364f5d43ba
4416,2024-01-28,2024-02-18,4,FTMDM,FTMDM,4.8900km - 5.3200km,,,08/02/2024,Points Fault,,eb79fdd592efb86bbee02b9664dd2f2dee12201284850261a1b73fe8fa47a99d
4417,2024-01-28,2024-02-18,4,FTMDM,FTMDM,0.8480km - 1.3690km,,,March 2024,Points Fault,,ddfc13a87a51efd7f86535f9e1691cfd32861f4574a642f90d48f6f3227dc32f
4419,2024-01-28,2024-02-18,4,FTMDM,FTMDM,18.4250km - 18.5970km,,,06/02/2024,Turnout,,5620f39966cac826e7001a542934fc44414cfb648cd213a694d7fec44c05af05
4438,2024-01-28,2024-05-05,13,ATMUP,ATMUP,16.8200km - 17.0000km,,,,Ballast / Formation,,e83d5438aa39c60f0a1b6a835ad1b59d1bfa840b50cc6a42553c61d83f07a8cf
4474,2024-02-04,2024-02-18,3,MTMUN,MTMUN,8.1000km - 8.2000km,,,,Turnout,,9f71b02071bec8fa950d0d6ebef71f821aab694ffcb1c25961bf8413b6abd05e
4482,2024-02-04,2024-02-18,3,JTMDN,JTMDN,15.8250km - 15.9520km,,,,Rail Internal Defect,,439794c0c5137a03aff6e72adb9460963638b300681a515e50bbacb1794dd46f
4484,2024-02-04,2024-02-04,1,JTMUP,JTMUP,0.8350km - 0.9070km,,,,Points Fault,,fb6d1b2b42fb1d19d91126823a80bcc82776dd1826a1e2b7912187d8e731006d
4579,2024-02-25,2024-03-17,3,FTMUP,FTMUP,19.4800km -20.0200km,,,,Track Geometry,,acb92b11e07d0e8ae48e05ca2266bd3ba75829d192cc3456fc84c9e49dc4dbd7
4582,2024-02-25,2024-02-25,1,FTMDM,FTMDM,4.8900km - 5.3200km,,,01/04/2024,Points Fault,,f97866a36dd1733250e996dce50f14e76a0b510c59ac3d46cd87f66a7b45677e
4583,2024-02-25,2024-02-25,1,FTMDM,FTMDM,18.4250km - 18.5970km,,,01/04/2024,Turnout,,d4751284174b179ad01c91f4fd28238867878a31f69e6cb93688e9d35a3ef641
4586,2024-02-25,2024-03-10,3,FTMDM,FTMDM,6.9500km - 7.1700km,,,01/04/2024,Points Fault,,eef6305abca480970cbab935211b5dd4f03a346b7d30786b7636a53b49474f35
4588,2024-02-25,2024-03-17,4,FTMUP,FTMUP,10.1250km - 10.6680km,,,,Track Geometry,,ce9632a67e9c78c60d243ea9e315f4314c01ee972d632f0199af9b6eaa2e2b21
4589,2024-02-25,2024-02-25,1,FTMUP,FTMUP,20.7650km - 20.8500km,,,18/03/2024,Points Fault,,9de18198ea741d00c9042cccbba3a80f74d27e36dc21f6277da88ccc592c586c
4598,2024-02-25,2024-02-25,1,MTMDN,MTMDN,13.2300km - 13.4000km,,,12/03/2024,Rail Internal Defect,,4283fec17d6b745aeb911d8faf106b5ae08323b9760a4d9af88def401ab9aa70
4600,2024-02-25,2024-02-25,1,MTMUP,MTMUP,4.1740km - 4.4690km,,,,New Turnout,,2806727834722596b2d330fe5e2644bd40093069245aed27be22f00425fe05b1
4616,2024-03-03,2024-03-10,2,FTMUP,FTMUP,14.8800km - 15.2780km,,,08/04/2024,Track Geometry,,f1c6bc9773e8b6f0963faa368517dbf8025fc9a58141ffde7d53dea5470cd406
4617,2024-03-03,2024-03-10,2,FTMDM,FTMDM,18.4250km - 18.5970km,,,18/04/2024,Turnout,,ce813c9015aed01d346ebb1ecca008bb0580687ab89845903ba85eb93f15c508
4623,2024-03-03,2024-03-10,2,FTMUP,FTMUP,20.7650km - 20.8500km,,,30/04/2024,Points Fault,,14f4615a2f61b5baeb772b844c7af63ce0eb00b93fb0dc5eb5d05a8e10b6c7db
4628,2024-03-03,2024-03-31,5,MTMDN,MTMDN,11.9300km - 12.3150km,,,01/04/2024,Track Geometry,,16957029990804ede783a3f8457aa4bfbf6ffd204e025105f9051da164acbf10
4632,2024-03-03,2024-03-31,5,MTMDN,MTMDN,13.5940km - 13.6950,,,09/04/2024,Points Fault,,4c6e51e0b097c51d358ae3d76ae10dc0f0a0734c82dae2711f80085eddf8b8f1
4638,2024-03-03,2024-04-28,8,JTMUP,JTMUP,0.8350km - 0.9070km,,,26/04/2024,Points Fault,,c548e661b26fd64cfdbc5b9fe8b64039e39950066f3fa56d6baf52e9bf054a3e
4691,2024-03-17,2024-06-02,11,FTMUP,FTMUP,14.8800km - 15.2780km,,,31/05/2024,Curve Wear & RCF,,a1a0abba5386dac6463f10aeaf16022b6865049fd5a1fc183068d9bb1795be54
4693,2024-03-17,2024-03-17,1,FTMDM,FTMDM,18.4250km - 18.5970km,,,15/03/2024,Turnout,,e8960e7cba74a7b29d77a2d84e2526d39e50526cec9c5b93135cb0745662d741
4696,2024-03-17,2024-03-31,3,FTMDM,FTMDM,6.9500km - 7.1700km,,,08/04/2024,Points Fault,,0e93bc177b136a2536c5bfad2a7db902669974b5af4cbcb0d86b6a6dba6261d9
4699,2024-03-17,2024-04-14,2,FTMUP,FTMUP,20.7650km - 20.8500km,,,,Points Fault,,d9b4dd49d17ae6a5c90b14741fd3a51e9f59f074685d92307c7dd7d22099a148
4729,2024-03-24,2024-04-14,3,FTMDM,FTMDM,18.4250km - 18.5970km,,,19/04/2024,Turnout,,e47a9b3f5335a640f8f8fa4b6c6a9c5c8f1d99ad0958685d8ed13142332a6bfc
4732,2024-03-24,2024-03-31,2,FTMUP,FTMUP,20.7650km - 20.8500km,,,09/04/2024,Points Fault,,f3f36ecbcbdeed21855a951048a574dcbf874022cf4fa384582c508f2d34c807
4735,2024-03-24,2024-04-14,3,FTMDM,FTMDM,6.9500km - 7.1700km,,,,Structural Integrity,,6c92b5204f10225af438efb71ec2cc5fecde32b726909666cd36abf7e8222b08
4746,2024-03-24,2024-09-01,18,JTMDM,JTMDM,25.848km - 25.960km,,80km/h,,Turnout,,76385d6a8d7c57044c8bcdbaea8908449491dafcb07df18e9591eb8a9e1ee0d8
4752,2024-03-24,2024-06-30,14,JTMUP,JTMUP,8.689km - 8.890km,,,,Track Geometry,,36c9c5a18352a70d175b789523ab557682cc3c72ac15c847a4d5600bb8b4e970
4808,2024-04-14,2024-04-14,1,FTMUP,FTMUP,6.9500km - 7.1700km,,,09/04/2024,Rail Internal Defect,,10053d2e9eba8ea6fee71a5db25fddc8deadcfc365d3a7e12a638e915807a4a5
4819,2024-04-14,2024-04-14,1,MTMDN,MTMDN,13.5940km - 13.6950km,,,16/04/2024,Points Fault,,94394084dda89ae86009cf491c3b10ced7d64d9b455027da6567ebee8e2954ea
4820,2024-04-14,2024-04-14,1,MTMDN,MTMDN,4.1400km - 5.4300km,,,,Turnout,,5e2b68806ba94bb76f69331d9352d085b2e872ef5cf11073134e251a368e77ba
4843,2024-04-21,2024-04-21,1,FTMUP,FTMUP,20.7650km - 20.8500km,,,24/04/2024,Points Fault,,8f39d39917c17089b9dcc085dfdfce8a896d713e3402e775abe34e466502038e
4846,2024-04-21,2024-05-05,6,FTMDP,FTMDP,6.9500km - 7.1700km,,,,Structural Integrity,,90f4e2cb59c38009453924bfdd583f71b0d6a249a1f784fbdc1635f9a7c9b0b3
4849,2024-04-21,2024-05-05,3,FTMUM,FTMUM,6.9500km - 7.1700km,,,,Structural Integrity,,eca346124f91a586cb2415fa903fdccb9e09366b5adad2c89158105efbc91d35
4853,2024-04-21,2024-05-12,4,MTMDN,MTMDN,11.9300km - 12.3150km,,,11/05/2024,Track Geometry,,0d2b71e506da28e9d21e23de6194a6f0d327ab6b3b01bb3c5aff0af7f8faa0f0
4858,2024-04-21,2024-06-02,7,MTMDN,MTMDN,13.5940km - 13.6950km,,,31/05/2024,Points Fault,,16c9d411dc29a84b3a955b370786c09e100f2525941dcea19e7006de8e86f109
5049,2024-06-09,2024-07-14,6,FTMUP,FTMUP,14.8800km - 15.2780km,,,05/07/2024,Curve Wear & RCF,,965dbdebaa01d467bef4cb02b01d0cd9a8d0a260dc5798574bb950b7629ff463
5052,2024-06-09,2024-06-09,1,FTMUP,FTMUP,6.8000km - 7.7900KM,,,12/06/2024,Rail Internal Defect,,d84681d606a0f4cf739b60ab3816ad43ce32af18b0448606257025237a6b3868
5053,2024-06-09,2024-06-09,1,FTMDN,FTMDN,5.3000km - 5.2000,,,11/06/2024,Track Defect Identified,,a2d0918c99c8f7bee5be9e0ca85f04740d8e6612048bb45baa966df5edbe9bba
5056,2024-06-09,2024-06-09,1,FTMUP,FTMUP,0.1600km - 0.6700,,,,Structural Integrity,,da1b6252019987974e9a460ab48420d9d7026479d5f2286902bf051ae3deaade
5064,2024-06-09,2024-07-21,7,MTMDN,MTMDN,13.5940km - 13.6950km,,,,Points Fault,,2b8b8483447a07b0080bdd6b1e4a9fcb49875603daef2674f1e4e49c816768e0
5072,2024-06-09,2024-06-09,1,ATUP,ATUP,19.2940km - 19.5070,,,,Track Geometry,,6e279a1900d6dd7f13f9b8e47400b191b7ee17febd922664e212dced2cdf0071
5073,2024-06-09,2024-06-09,1,ATUP,ATUP,16.8200km - 17.000km,,,,Track Geometry,,86550bc37761ee4834148cfe53dfe11d14e805b0b73a72ade50c6c9befdebdc5
5105,2024-06-16,2024-06-30,3,ARMUP,ARMUP,19.240km - 19.5070km,,,,Track Geometry,,1477c6dc14b01a36570f434e6fd07b8fa18a4443f7e2fbbb580ba47d48e0fc94
5107,2024-06-16,2024-07-21,6,ARMUP,ARMUP,16.8200km - 17.0000km,,,,Track Geometry,,083d35d68c71a6b4244a36e9494cf7fce195248bdc1a71ef55cdb5d091dd6722
5123,2024-06-23,2024-07-21,5,MTMDN,MTMDN,7.900km - 8.1500km,,,,Turnout,,6bb31ef5cdab0113fa9675c1ff37578553da584e1fe760b8284241c3132206d2
5134,2024-06-23,2024-06-30,2,JTMDM,JTMDM,25.840km - 25.9600km,,,,Turnout,,87c1437cf21cebc417bf14d16ac0e5278596b57529779b208a725c71863ba868
5190,2024-07-07,2024-07-21,3,FTMDN,FTMDN,1.1900km - 1.0900km,,,,Miscellaneous,,6303e79dba3f26640e29f49c8eb1bf803aec3b0dfbf413a9f2dc5956572ae705
5192,2024-07-07,2024-07-07,1,FTMUP,FTMUP,15.7200km - 16.1750km,,,,Miscellaneous,,6132914ace2dac912c334ff68f4cc298b0ac53d786322d92545c6f03ac531e0e
5201,2024-07-07,2024-07-21,3,JTMDM,JTMDM,25.8480km - 25.9600km,,,,Turnout,,56f0f38decff1ee58ca873e49092d45f3a7122f5e9a64ef2b8da15a78bd5a9e3
5205,2024-07-07,2024-07-21,3,JTXBI,JTXBI,53.9470km - 54.1120km,,,,Turnout,,3fb1c710f25b7aa89301496079040bfebecb9a424f5daac3afe107b9599bb2e0
5207,2024-07-07,2024-07-21,3,JTMUP,JTMUP,8.6890km - 8.9890km,,,,Track Geometry,,63c22506446df0671e0e82993dc3e991dcc60927a81e5ca0bd1b158f38deeb46
5208,2024-07-07,2024-07-21,3,ARMUP,ARMUP,19.294km - 19.5070km,,,,Track Geometry,,7ac9b92bb5932ac99339b22268168ffb4c1bc9890c89ee3a3cd4637a78a420f7
5211,2024-07-07,2024-07-14,2,RTMDN,RTMDN,2.0000km - 2.1000km,,,,Miscellaneous,,99eef1a5f0c0a617d797edbbefa7956e1482db8e556dffcbb35f40553ef3d661
5213,2024-07-07,2024-07-14,2,RTMDN,RTMDN,9.7800km - 9.8800km,,,,Miscellaneous,,518b763fb8b94f29363b64ae423c2916075e1b0e2e2c506e695fe2ec93937e57
5290,2024-07-28,2026-04-26,36,Beyond Service,Beyond Service,40.747km - 40.874km,,60km/h,,Signals,,0b3c41cad44479549a27e126f72c39c5f36e66bf52d7fc2c9b4ec8b7baa7334a
5292,2024-07-28,2024-08-04,2,FTMUP,FTMUP,14.880km - 15.278km,,40km/h,,Curve Wear & RCF Damage,,487d65a7ae7b013006f4e9679760133dbbbd8be857db1918eb61372888f9c5c6
5295,2024-07-28,2024-09-01,5,FTMDN,FTMDN,6.950km - 7.170km,,40km/h,,Structural Integrity,,da39e04396a23a2389bf025c5294fd1ffc86b30633684ae0de527325632cddc5
5296,2024-07-28,2024-09-01,5,FTMUP,FTMUP,0.160km - 0.670km,,30km/h,,Structural Integrity,,007cf576eb7b0ea5a5128bf1050a889fe3bc71120759461367fb3589fb174a85
5298,2024-07-28,2026-04-26,48,FTMUP,FTMUP,6.950km - 7.170km,,40km/h,,Rail Internal Defect,,f1b78d62dac95435936f4e9de5e7c88d9c31ffc94d1d1bfcdbb3a105b1a99f5f
5299,2024-07-28,2024-08-04,2,FTMDN,FTMDN,1.190km - 1.090km,,20km/h,,Miscellaneous,,0ebfb8722f930251ab2e4a64849552d1d257ad17aa37bdb94e443b1028fca3c0
5302,2024-07-28,2024-09-01,6,MTMUP,MTMUP,0.717km - 1.625km,,60km/h,,Noise Mitigation,,d2457b1caf7ccab2c575ff320cedf7dca533a4f47a14fb9adc4d4ca39a638029
5304,2024-07-28,2024-08-25,5,MTMDN,MTMDN,0.660km - 1.300km,,40km/h,,Track Geometry,,e7363a619aa633a61a382775079f7e5fdc6396ae53c6cf56aeb075f6e1daf8f1
5305,2024-07-28,2026-04-26,50,MTMUP,MTMUP,8.100km - 8.200km,,80km/h,,Turnout,,2202b056cc80159af818fee9499b0205a16a2f3512f5381612dbfe9f268f83cf
5307,2024-07-28,2024-09-01,6,MTMDN,MTMDN,13.594km - 13.695km,,20km/h,,Points Fault,,2778566796cd47a10c143ed208e60dd274090a46f98fdcc3ca58500b6d9f9a75
5310,2024-07-28,2026-04-26,50,JTMDN,JTMDN,19.150km - 20.150km,,80km/h,,Turnout,,3c1a5908dd333802f4c403887a44020eb7744f7bdc85e89c81ef71ad567a5c60
5311,2024-07-28,2026-03-08,43,JTMUP,JTMUP,19.150km - 20.150km,,80km/h,,Turnout,,ad21f1b366395b4d07238869d80be870e9fc5a94b7f519cf4a038f1289d53fe5
5313,2024-07-28,2025-07-20,10,JTXBI,JTXBI,53.947km - 54.112km,,,,Turnout,,1ae44ee4d1f47c11a312490b8ec1dc498e5b18d856de4aa7fa52601a365d1e84
5314,2024-07-28,2026-04-26,49,JTMUP,JTMUP,8.689km - 8.989km,,80km/h,,Track Geometry,,c642dd2712b8fc6f31ac191b509bdad113c8a0ebff94b2dce7914dcf546c7393
5316,2024-07-28,2024-09-01,6,ARMUP,ARMUP,19.294km - 19.507km,,40km/h,,Track Geometry,,dbb71da3cdafef29c11c4c852290f99954d1ef0a9c4bf855819a5d78cf96537d
5317,2024-07-28,2024-09-01,6,ARMUP,ARMUP,16.820km - 17.000km,,60km/h,,Track Geometry,,7b6e552e0b932614a15eeef11e5a46e51510a4285f929aeb1c206da4156f7629
5354,2024-08-11,2024-08-11,1,FTMDN,FTMDN,8.7620km - 8.8620km,,60km/h,31/01/2025,Rail Surface Defect,,5f6a15215ed77948ce638f9959d1d9973da41e5199767057aa94d3cb07f0c21f
5355,2024-08-11,2024-08-11,1,FTMDN,FTMDN,14.9350km - 15.0350km,,60km/h,,Rail Surface Defect,,41445bb71f12e4af6320908e87d73c7de157f78a1c162df5436f0c66bae4728a
5361,2024-08-11,2024-08-25,3,FTMDN,FTMDN,1.190km - 1.090km,,20km/h,04/11/2024,Rail Surface Defect,,9f681e56128baaf5ee59577c767fd8950e1e5d365ef419deddebb8dadfa94f04
5370,2024-08-11,2024-08-18,2,MTMDN,MTMDN,11.750km - 11.850km,,40km/h,19/08/2024,Rail Surface Defect,,462383b6a020b941f9048a550974aed4bf208569d2b849fa33b100021f96d049
5372,2024-08-11,2024-08-11,1,MTMUP,MTMUP,13.950km - 13.400km,,20km/h,,Rail Surface Defect,,b6529a24101efd27cb81860a60070b2affa3560212a7166bf4361b7060036b5e
5390,2024-08-18,2024-09-01,3,FTMDN,FTMDN,8.862km - 8.310km,,30km/h,31/10/2025,Rail Surface Defect,,95fc7abaf01d305f2aeecd762973003ee1ff1624d6024216830eaab82219e4bb
5401,2024-08-18,2024-09-01,3,MTMUP,MTMUP,13.620km - 13.400km,,60km/h,,Rail Surface Defect,,d64844adc76f8fcd5e3ad97b392e47191c69df3ce0e0b1f319e591014a625c44
5434,2024-08-25,2024-08-25,1,JTMDN,JTMDN,14.935km - 15.035km,,60km/h,,Rail Surface Defect,,74211d5e15b6aa0995b4700f5f6024e184ad57c37487ef25c9b407abb164a3b2
5457,2024-09-01,2024-09-01,1,FTMDN,FTMDN,14.935km - 15.035km,,60km/h,,Rail Internal Defect,,946b3a40eda4dc6aa654f484fe9505d83060c3999efdd368718dff8d735a491f
5466,2024-09-01,2024-09-01,1,MTMDN,MTMDN,0.400km - 1.300km,,40km/h,31/08/2024,Track Geometry,,383e3fe2a91caf869770d8414f54622eff79ae7abbfae5f62bae697286bef9b0
5478,2024-09-01,2024-09-01,1,CTMDN,CTMDN,1.190km - 1.090km,,20km/h,4/11/2024,Rail Surface Defect,,cf17762ffa39c94ec454b03b12e814abdc86491aa49e699acea09dd3472f2342
5482,2024-09-08,2024-10-13,6,,,,,30km/h,10/02/2025,Structural integrity,,d06314e8b67d5248afe832496f0969926c95038657d6766cbc76b8b12fc86a02
5483,2024-09-08,2025-01-19,30,,,,,30km/h,20/01/2025,Rail Surface Defect,,e4a0a7f817801b08ee46aafd404e451cf7d7068b10a650d1c0e25ea84c523c49
5486,2024-09-08,2024-10-13,6,,,,,30km/h,15/11/2024,Rail Surface Defect,,502a2a82187c9bfbfdfd6fbcebb2ce99fb83f05f15b3ed7054eae597f31c98d2
5489,2024-09-08,2024-09-08,1,,,,,30km/h,31/10/2025,Rail Surface Defect,,6fd1687709374cb9c90b0539e3349ac7e001ca3d1224aba26c632e4d11c22f9f
5492,2024-09-08,2024-09-22,3,,,,,40km/h,05/09/2024,Track Geometry,,ae43a44f303a233579e198601b875f35929a9cc177f21a343800fb2f93f44523
5494,2024-09-08,2025-01-19,15,,,,,60km/h,27/01/2025,Rail Surface Defect,,bcfa166584577b1f945a4a80a4e085d1f541b7258fe9ab1158015966f3bce244
5495,2024-09-08,2024-10-13,10,,,,,20km/h,26/10/2024,Turnout,,36a22ed802f200cf8874079573fef6eef03f331fed643b1d48fe179f05dd7cd9
5525,2024-09-15,2024-10-13,5,,,,,60km/h,31/01/2025,Rail Surface Defect,,0c074c394e3d8be7dcf975c712273a9f854c4b69df516eee46280b8e076dc40b
5704,2024-11-24,2025-02-02,11,,,,,60km/h,28/02/2025,Rail Surface Defect,,5ef97a9363bf0118ab5c7e418605d918137312a5f9769a3a557d078776e43e36
5794,2024-12-08,2025-01-05,5,,,,,40km/h,07/01/2025,Rail Surface Defect,,1ee52ae3359e80a44b5edaaf73a68e8e7f4a651661e01766642531145d1449b7
5887,2024-12-29,2025-03-30,11,,,,,20km/h,01/04/2025,Heat Kick,,7df5f4b14e41a1cd78829c7fff51584a08eafd65a4bf99f2d17765e7ad47524b
6104,2025-02-09,2025-03-16,6,,,,,20km/h,19/03/2025,Turnout,,ae2b48f69a4bd2dcca2f04621a1becf94ae168164b165f58fbb4a76ebef919a4
6125,2025-02-09,2025-02-16,2,,,,,40km/h,23/02/2025,Rail Surface Defect,,5c6a8a60b83a354e29a4cc22d3d59c2cba1e2678ae0e3189963eb52d5e938934
6133,2025-02-16,2025-03-09,4,,,,,30km/h,10/03/2025,Rail Surface Defect,,3dd077664102ee9493c59f2d161a60e513bdcee7cf824f957376b57eb16c2e42
6137,2025-02-16,2025-02-16,1,,,,,60km/h,21/02/2025,Miscellaneous,,b7fde69001b1d97c664207d8e4948cb29f06c215d816e7b47539686955d29aab
6172,2025-02-23,2025-03-09,3,,,,,60km/h,14/03/2025,Rail Internal Defect,,fccdb545bc3885261191d216bf48f3bc2223c72fbc5eda7fc97856a6fe0716a9
6173,2025-02-23,2025-02-23,1,,,,,60km/h,24/02/2025,Miscellaneous,,84b838c3e8e9295913cf6fd325c72784fcc48226e0d89b51757776f30410d3a7
6197,2025-02-23,2025-03-02,2,,,,,20km/h,25/02/2025,Rail Internal Defect,,6c9820315eceee741622e89f33d29938679a57353668bd1f6c1403a4436f97f3
6209,2025-03-02,2025-03-30,5,,,,,60km/h,25/03/2025,Rail Surface Defect,,74cfc6c4a632498befe8f04963ffadd45c8e2986542ddf8dd20fad056adf5538
6316,2025-03-23,2025-03-30,2,,,,,20km/h,11/04/2025,Rail Internal Defect,,6dc595796c80b4fcee3071d6a6eb7144a8ef94e64b9ce8198051321e08c11d2a
6322,2025-03-23,2025-03-30,2,,,,,20km/h,10/04/2025,Rail Internal Defect,,b929e1929ad6a75e2fda2e1333ed2a67ae94c13c2c3999e9a17975de57a5b1ec
6477,2025-04-13,2025-06-22,11,,,,,30km/h,15/07/2025,Rail Surface Defect,,51de131ac99c6d100696f2f0674347b3128da08ae4aa0ac812eeaee8657df8ec
6661,2025-05-18,2025-06-22,6,,,,,40km/h,01/07/2025,Rail Surface Defect,,6f461c7afabfa679ffbc58ffecfd4c59c638b7a422e5d2ed03edcda117505057
6682,2025-05-18,2025-06-22,9,,,,,10km/h,26/06/2025,Track Alignment,,538306e17e3d6d06977a8daebd306f7c8f6779a6db6f67f9f5be0ef4e075635f
6877,2025-06-29,2026-02-08,20,MTMDN,MTMDN,13.591km - 13.695km,,20km/h,,Turnout,,3000869a49879128ad78f18f51e565a0bfbdc80c33cf8f07cfcf23646b680b3c
6878,2025-06-29,2026-04-05,41,MTMDN,MTMDN,0.660km - 0.800km,,60km/h,,Noise Mitigation,,fcca9db62d058c05e2c291e139937f57e8ad8f92f3657244367efa7efe900ebd
6880,2025-06-29,2026-04-26,44,MTMUP,MTMUP,0.660km - 0.950km,,60km/h,,Rail Surface Defect,,015c1190360ac9fc1f1b4f875d29a8282666473ec8a01b17be94c9c8bf513e24
6886,2025-06-29,2025-12-21,26,JTMDN,JTMDN,25.848km - 25.960km,,80km/h,,Turnout,,5a6c4fe27f0c7648c3d35e93f119c8eafe41d84d8b5282e5460bb31f0e10ae0e
6887,2025-06-29,2026-04-19,35,JTMUP,JTMUP,40.537km - 40.430km,,40km/h,,Rail Internal Defect,,da5147c8f5f27b2f69b7c92606c1630dcd7ababa89484258766f10f3a2b292a5
6890,2025-06-29,2026-04-19,42,JTMUP,JTMUP,40.660km - 40.420km,,40km/h,,Turnout,,a9a8cac1560d07ced149d6ec2d7f62044f6acad57e3dabd29c6c6ec26e231b0e
6892,2025-06-29,2026-04-19,42,JTMUP,JTMUP,40.429km - 40.660km,,40km/h,,Rail Surface Defect,,175e5a0c3dbfe55fd928103f6b6398fa69af43a9bafa1bf432739a3aeadd2b7f
6893,2025-06-29,2025-10-12,16,RTMUP,RTMUP,37.000km - 37.300km,,40km/h,,Platform Gap,,f10d7ba66b43e95d58ee6df7ac813fe3daa34ddc28d3a3341e2e78c39135796b
6896,2025-06-29,2026-04-26,43,FTMDN,FTMDN,6.800km - 7.1700km,,30km/h,,Structural Integrity,,5474602dd9c6ee572d4842fa45aeab2507183048b85ada3b38fa6695216996e2
6898,2025-06-29,2025-12-14,21,FTM,FTM,0.000km - 0.000km,,10km/h,,Track Alignment,,39989419a387f1b36e62796da0461ac3e5a01f00f229042fe7d814a0e73c0c11
6899,2025-06-29,2025-08-17,8,FTMDN,FTMDN,19.750km - 19.390km,,,,Track Defect,,12924bf5c79185477800af3d29211520f422fdfd1f29892d1eada20b37613665
6901,2025-06-29,2025-06-29,1,ATMUP,ATMUP,16.8200km - 17.000km,,60km/h,,Track Geometry,,dedb5f810bfe0c15dad570a538a2be581ce825448ecb35677a2a9229eac7249e
6902,2025-06-29,2025-06-29,1,ATMUP,ATMUP,19.294km - 19.507km,,40km/h,,Track Geometry,,2990d103b537f2e7935c76e9501ed1b602a5c415b6b3d807287c6c2fd49b8e0e
6904,2025-06-29,2025-07-27,5,ATMUP,ATMUP,10.000km - 11.043km,,,,Weld Defect,,5ab68c74071b6217b8339fd78e79a36cba972c0c56ff89f65ac55f58a84fcb89
6905,2025-06-29,2025-07-13,3,ATMUP,ATMUP,1.844km - 1.920km,,,,Track Geometry,,f0266c11c9d0e0675c9e0e21662fcf88bcd2015d41e6624b46ea8f32323003b5
6907,2025-06-29,2026-04-26,43,TTMUP,TTMUP,01.450km - 02.550km,,90km/h,,New Rail,,e7b9b3f4c20aeb01de4ba448751ae018914d556b497f8d1502ba845cfdd91b07
6941,2025-07-06,2025-07-13,2,FTMUP,FTMUP,0.1600km - 1.0810km,,,,Rail Surface Defect,,a335ab70ad99ca0daf10ebb5d5a28b213e3990b8049a4663a7c4eb4b02233673
7019,2025-07-20,2025-11-23,11,FTMUP,FTMUP,0.1600km - 0.800km,,30km/h,,Rail Surface Defect,,168a9e82eb3544e76caa17b36a84163d9b34207d1e24986effb15f2b978df340
7057,2025-07-27,2025-07-27,1,ATMDN,ATMDN,16.000km - 21.350km,,,,New Rail,,0bc4912957e734584c7fadb84a6d64862dd54ef5b1b9779f3af2ff633b93c54e
7073,2025-08-03,2025-08-03,1,MTMUP,MTMUP,3.147km - 3.454km,,,08/08/2025,New Rail,,f5c1f3e3116371b4851bef8b95637ee17463dd0b064124578c884e178419a878
7094,2025-08-03,2025-08-03,1,ATMBI,ATMBI,1.138km - 1.138km,,,,Wing Rail,,21713df59647cd25cbf6a3fa28f1f5a17ded0528bc6d0b82267e76a7502be791
7096,2025-08-03,2025-08-03,1,CTMDN,CTMDN,1.872km - 1.172km,,,,Turnout,,adf736959b8a83633cb6bd9bb2d689e6c1423e9ba64016b7ece13d909965f3b9
7112,2025-08-10,2025-08-10,1,MTMUP,MTMUP,3.147km - 3.454km,,,,New Rail,,318c7f95f3dac54707e3c32e2be0567be09177107a7c6c9b379a6a4cb76193fb
7132,2025-08-10,2025-09-28,8,FTMUP,FTMUP,0.1600km - 0.800km,,,03/10/2025,Rail Surface Defect,,cf116cfd632af95daa312923a3451b3632ec91842a3a5bbd39064d3ff01f4223
7133,2025-08-10,2025-11-02,8,CTMDN,CTMDN,1.872km - 1.872km,,10km/h,,Turnout,,f71d050a9538ca06cd8b3ead47176f6c54cc5065e253c809570939fc0b90a66e
7203,2025-08-24,2025-08-24,1,FREDN,FREDN,19.039km - 19.750km,,,,Rail Surface Defect,,28dd483b9e4cee03c081c800fa6e2a01a709b2861a81dbfdcde5ade672602582
7239,2025-08-31,2026-01-04,14,FTMDN,FTMDN,19.039km - 19.750km,,40km/h,,Rail Surface Defect,,cc360f3f3fff111ac9a3177e031e41efb38b90a5c24e595bf3d4a80974616f18
7244,2025-08-31,2025-08-31,1,ATMDN,ATMDN,03.275km - 03.417km,,,,New Rail,,9712f2f4e7fc07ece0b27fc1d01969fcc5e3dd3343f6a558f3bc7ea08c802aa7
7278,2025-09-07,2025-09-21,3,CTMDN,CTMDN,1.872km - 1.872km,,,07/10/2025,Turnout,,36e9aed23d09be85ff19a910a755ff986d905e24f7dc2604d8bddb32fd39a85c
7294,2025-09-14,2026-03-22,16,MTMDN,MTMDN,9.182km - 9.650km,,30km/h,,Rail Surface Defect,,7a22a8cef58a5e0485de195ae43e144303c7936eb97c4d645196f44aa4efb2a7
7296,2025-09-14,2026-02-15,11,MTMUP,MTMUP,9.548km - 9.360km,,30km/h,,Rail Surface Defect,,3a33de5504420a38f5b85017c0efaa4bd8136c84f23158c8b32ca5017cc15808
7317,2025-09-14,2025-09-14,1,FTMDN,FTMDN,3.623km - 3.819km,,,,Ballast Formation,,2c65fbb337cecd9dc04726fc6370f889c635f8cfd34cd4af01335115e60731dc
7318,2025-09-14,2025-09-14,1,FTMUP,FTMUP,4.750km - 5.200km,,,,New Rail,,38a7e7633811e08513486f24b47b60481d1170a09a931ca4da8148ad5122cb37
7354,2025-09-21,2025-09-21,1,FTMUP,FTMUP,3.588km - 3.849km,,,25/09/2025,Ballast Formation,,e7128e0dfe8723ca239e5950345bdd9f6692d0f326b06ee1ef21c54ba8bc21cd
7373,2025-09-28,2025-10-26,5,MTMUP,MTMUP,13.225km - 13.610km,,40km/h,,New Rail,,6127a65eedeb0768deb70c4e466b7f20ee87cdf2cfdc2c2b9fa86f36033b03c5
7394,2025-09-28,2025-10-05,2,CTMDN,CTMDN,1.872km - 1.872km,,,10/10/2025,Turnout,,043e6d71f622eb186bdb868350e0dd1b8ef8a8f45e2c0e9ce4f58b78a2360f06
7454,2025-10-12,2025-10-26,3,MTMDN,MTMDN,2.2840km - 2.933km,,40km/h,,Ballast/ Formation,,9416fe39feb155b63544003a4af167b8bbae671f7281a8efee7bc801e6b9223f
7475,2025-10-12,2025-10-12,1,FTMUP,FTMUP,0.1600km - 08.000km,,30km/h,,Rail Surface Defect,,827f519bf99462c7d9b5414b1e4bacf976ef7f884e0165ce79a4a7ba8ae9d911
7565,2025-11-02,2026-01-25,13,MTMDN,MTMDN,13.591km - 13.695km,,20km/h,01/02/2026,Turnout,,8e8e67347472cf38aba19b5294b1bd9d4a22560be03c6f15dc7f4b5aebc14abb
7586,2025-11-02,2025-11-23,4,FTM,FTM,0.000km - 0.000km,,10km/h,01/01/2026,Track Alignment,,4cab7543ab5890cca6cc4385460700fd784b50290ee7cc9a6db4a85abc736923
7589,2025-11-02,2025-12-14,5,FTMDN,FTMDN,19.039km - 19.750km,,30km/h,01/12/2025,Rail Surface Defect,,7615d4e8f6690efc173abe605e621409a34dbb445a3936029a6140bde1421907
7605,2025-11-09,2026-01-25,12,MTMDN,MTMDN,9.182km - 9.650km,,30km/h,01/02/2026,Rail Surface Defect,,c3aff27f4f826a50c05d3186e6aec5a9f7908f73fc1ba548cfc95f467d8a393d
7607,2025-11-09,2026-01-25,12,MTMUP,MTMUP,9.548km - 9.360km,,30km/h,01/02/2026,Rail Surface Defect,,0cd56e9cb948affc7ffdb2667964ba0f3f95b1d6fd6945e539d2dafd4e2b7449
7626,2025-11-09,2026-01-25,12,CTMDN,CTMDN,1.872km - 1.872km,,10km/h,01/03/2026,Turnout,,f1c33db13a1eeb1c5697d895ed3e45c40ec1e2a7cb221f33d429326d180a99a7
7629,2025-11-09,2025-11-09,1,ATMDN 08,ATMDN 08,180km - 08.280km,,20km/h,10/11/2025,Track Condition,,eb6f39d6de1efaf8ed1cc5a9e8e89a4f6a040c32360994b848e805e4a1901d7b
7655,2025-11-16,2025-11-23,2,JTMDN,JTMDN,2.227KM - 2.462km,,40km/h,21/11/2025,Rail Internal Defect,,782950c48675e484d446cd5c42d57069c5b1b20ec7a5e680964e54028499e250
7702,2025-11-23,2026-01-11,8,FTMUP,FTMUP,19.440km - 19.793km,,40km/h,,Rail Surface Defect,,2a3cd2afa7a3d9fc2fb96f23a492504e8f4a95c41566087034ceb6b935809459
7731,2025-11-30,2025-12-14,3,JTMDN,JTMDN,2.227km - 2.462km,,40km/h,,Rail Internal Defect,,9f43b660c84ed65237d98fd7ca65a757c013d30c81d54daad36c0ba14ac42d9d
7734,2025-11-30,2025-11-30,1,JTMDN,JTMDN,25.630km- 25.960km,,80km/h,09/12/2025,Ultrasonic Defect,,a7de77cd03809028cf4ac63b37349c910f527439da87987fd03239ca95d3faec
7740,2025-11-30,2026-04-26,22,FTMUP,FTMUP,0.1600km - 0.281 km,,30km/h,,Structural Integrity,,309ae2ef2030e5b71d7cc3a34905b98e0094a2886d66a09335e658bc668e5541
7745,2025-11-30,2025-12-07,2,FTMUP,FTMUP,14.510km - 14.670km,,30km/h,01/03/2025,Rail Surface Defect,,f517c0ea700e193bf8c4c18a72a716ab8fb466648f8527acebb129849987d51d
7776,2025-12-07,2026-04-26,23,JTMDN,JTMDN,25.630km - 25.960km,,80km/h,,Turnout,,766b7a9274ea44f98ca7cbfc948d8335e95d3f57e1bada544af597f986894a68
7818,2025-12-14,2025-12-28,3,JTMDN,JTMDN,25.630km- 25.960km,,80km/h,08/01/2026,Ultrasonic Defect,,d4a03fc452a1035c8e04e26c39379980731acfbdf287d34bde4a46b7bd4a3c88
7829,2025-12-14,2026-03-15,14,FTMUP,FTMUP,14.510km - 14.670km,,30km/h,01/03/2026,Rail Surface Defect,,19e8ddaac7e4ea8cda90a158883df80c2254b81a8b1f868292ab2f11be668892
7860,2025-12-21,2026-01-11,4,JTMUP 27.000,JTMUP 27.000,27.390km,,60km/h,20/01/2026,Ballast/Formation,,61b7d02f49ce735dce05f9a961c45e20d969e6073338f313793859768147033b
7872,2025-12-21,2026-01-04,3,FTMUP,FTMUP,4.748km - 4.920km,,40km/h,,Platform Gap,,cc8d05640da181f865fa69216f8c21f1e12c8a182ea20623149d4a4d453ac195
8025,2026-01-18,2026-02-15,5,JTMUP 27.000,JTMUP 27.000,27.390km,,60km/h,,Ballast/Formation,,625e418a27eb09be4aa1baed7c225b87e32fe6997d3e8f28a3c36056346a60fa
8031,2026-01-18,2026-04-12,13,FTMUP,FTMUP,19.440km - 19.793km,,40km/h,01/09/2026,Rail Surface Defect,,3c9d1ae40ec4a6fc7021329e7621288c5c1ff86de380316d098f087105201f5f
8117,2026-02-08,2026-02-15,2,CTMUP,CTMUP,0.948km - 1.069km,,20km/h,,Ultrasonic Defect,,24f0e61bbb20f0944bedcec47dac14756e4980be084e4b48b8d550363aa1b303
8127,2026-02-08,2026-02-08,1,MTMUP,MTMUP,9.200km - 9-548km,,20km/h,,New Rail,,245ac9bc6141704cf042c04e47d35f06171eabac52cd2f825555a7995e19c078
8187,2026-02-15,2026-03-15,5,RTMDN,RTMDN,37.550km - 37.650km,,80km/h,,Earthworks Compromised,,5a8f2928dfe1db289125ddde0a4fa9111342ffd40a5acc459a95ae19d6a66f5a
8194,2026-02-22,2026-04-26,10,CTMUP,CTMUP,0.948km - 1.069km,,20km/h,04/05/2026,Ultrasonic Defect,,bfb025604236eb3f607fe74bb707485a20f5662d604680daa56a87b20f40451d
8210,2026-02-22,2026-04-12,8,JTMUP,JTMUP,40.537km - 40.430km,,40km/h,17/04/2026,Rail Internal Defect,,ee44cca54461256cf14391316ae6c4956f7816a8264bbe3f7f229430752d7f6c
8320,2026-03-15,2026-04-05,4,JTMUP,JTMUP,19.220km - 19.328km,,40km/h,05/04/2026,Turnout,,59593b81cbafe61457c5c785976b2abe3db459bad95f01e2c0acae5d6c30a306
8362,2026-03-22,2026-04-26,6,FTMUP,FTMUP,14.510km - 14.670km,,30km/h,,Rail Surface Defect,,79ddb2d9c394d32006113f2ce0b1b05cc31069572d3c5fcddaf1f41f366574fe
8364,2026-03-22,2026-03-22,1,FXO3BI,FXO3BI,11.630km - 11.680km,,10km/h,23/03/2026,Heat Kick,,37562ddd238c820ee5e30c871c667f87c4bdb0a3c38d05096febf0903ebaa295
8379,2026-03-29,2026-04-26,5,MTMDN,MTMDN,9.182km - 9.650km,,30km/h,22/05/2026,Rail Surface Defect,,ed0419bf56ed8ae49f91014b3b653141abc040e323ff76cfba1cba4c8c63df85
8442,2026-04-12,2026-04-26,3,MTMDN,MTMDN,0.580km - 0.800km,,60km/h,,Noise Mitigation,,b9fd1704f74302a7f2c89792727b57c6513a4e2c8f4f5e1fea5359a6e362051a
8456,2026-04-12,2026-04-26,3,JTMUP,JTMUP,19.220km - 19.328km,,40km/h,,Turnout,,ddf359d50fc776eae14dc8d799aefc3533a7979b4a735bcf3b0d6fc54cb4ef67
8539,2026-05-03,2026-05-17,3,,,,,,22/05/2026,Rail Surface Defect,,2d3d142bea5e28b68131d018fc271b7c56c88777fc92507f1f111138ae094538
8611,2026-05-17,2026-06-28,7,,,,,,01/03/2027,Rail Surface Defect,,1efde522741f76222fc731bcad150dfbd7a83785bcafdf00c9d6d69d8825da70
8729,2026-06-21,2026-06-28,2,,,,,,01/08/2026,Ultrasonic Defect,,5114825f8aaba1bce4e96b1e8afe0be2146d75ff4a29a8eae45bedf2d41771d0
